Author Handle,ID,Age,Like Count,Fetched On,Action,Text
1rugerrudy,Ckq48neOaAW,76w,0,"""2024-05-15 18:59:18""",Post,âš ï¸YEAH ITS UPP MY SECOND MIXTAPE OUT ON ALL PLATFORMS #TGBG ğŸ©¸ğŸ©¸ THE GOOD BAD GUY #OUTNOW ITS A BREIF SUMMARY OF HOW IM LIVING & HOW IM COMING ğŸ’¯ 14 TRACKS ğŸ”¥ğŸ”¥ğŸ”¥ TOLD YALL I HAD YALL LETS GOOOO RUN THEM STREAMS UP ğŸ’¯S/O TO @damelebrane FA THE COVER ART ğŸ–¼ï¸ AND EVERYONE ELSE WHO HELP AND WAS PART OF THIS PROJECT ğŸ’ªğŸ¾ @applemusic @spotify @youtube @iheartradio @tidal #LLMYBLEEDAZ #LLMUGOTTI #FREEPOPEEZY #FREEKJ #FREEYOSHI #FREEMADJAY
meezybleeda,Ckq48neOaAW-comment-64,76w,0,"""2024-05-15 18:59:18""",comment,ğŸ”¥ğŸ”¥ğŸ”¥ğŸ’¯ğŸ‹
1rugerrudy,CmF0sdKsbxs,71w,0,"""2024-05-15 18:59:18""",Post,Life Of A Bleeda ğŸ©¸ This Shit Get Evil ğŸ§Ÿâ€â™‚ï¸ #LLDee #LLCliff #LLMugotti #LLFreezo #LLTmeezy #FreePoPeezy #FreeLicemetery
meezybleeda,CmF0sdKsbxs-comment-39,71w,7,"""2024-05-15 18:59:18""",comment,Mybleeda bt we leave sh*t on ğŸ§Ÿâ€â™‚ï¸ mode
1rugerrudy,CmpYgCCJN0S,69w,0,"""2024-05-15 18:59:18""",Post,I Be High as the expectationsğŸ˜¶â€ğŸŒ«ï¸ğŸ¥€
meezybleeda,CmpYgCCJN0S-comment-52,69w,1,"""2024-05-15 18:59:18""",comment,ğŸ©¸â™¥ï¸
1rugerrudy,CnagvexLK84,67w,0,"""2024-05-15 18:59:18""",Post,"Only the people who care about you
Can Hear you when youâ€™re quite ğŸ«¶ğŸ¾"
1rugerrudy,CngC85pMJzW,66w,0,"""2024-05-15 18:59:18""",Post,Dark skinned but ima Golden ChildğŸŒŸ #FreeJroc #Free54
1rugerrudy,CnX-3wYsXa6,67w,0,"""2024-05-15 18:59:18""",Post,After it happen It Neva Happened ğŸ¤«
1rugerrudy,Cp9YCnisv_n,58w,0,"""2024-05-15 18:59:18""",Post,"Too Many Cameras
so I barely lift my Ski up ğŸ©¸
I'll hop on a niqqa Song
& Make him sound like the FeatureğŸ’¯"
1rugerrudy,CpJQBLWsjsj,60w,0,"""2024-05-15 18:59:18""",Post,"Show me love in Glen Oaks
They Knoe i make dem ni??as BleedğŸ©¸
But S#*! aint been da same
I been missing Cliff & DeeğŸ’” #225Day #ForeverBleedingğŸ©¸"
meezybleeda,CpJQBLWsjsj-comment-62,60w,0,"""2024-05-15 18:59:18""",comment,DabbyğŸ©¸
1rugerrudy,CpmCK13sHrj,59w,0,"""2024-05-15 18:59:18""",Post,"Aint Going Fa Nun Bedda B Cautious
My Whole Squad structured ğŸ©¸
#FreeMyMembers #LLDaGuyz"
meezybleeda,CpmCK13sHrj-comment-33,59w,0,"""2024-05-15 18:59:18""",comment,ğŸ’¯k
1rugerrudy,CprXZbCsAD6,59w,0,"""2024-05-15 18:59:18""",Post,"Heart of a Lion Mind of a M3n@ce
Mind at ease but im at W@R
No pulling Gimmicks Or
Portraying a image B!t*h im Really RawğŸ©¸
#FreeMyMembers #LLDaGuyz"
meezybleeda,CprXZbCsAD6-comment-60,59w,1,"""2024-05-15 18:59:18""",comment,ğŸ©¸â¤ï¸
1rugerrudy,CqDOlo4upTt,57w,0,"""2024-05-15 18:59:18""",Post,RUGER 5.7 ğŸ”¥ğŸ”¥OUT NOW ON ALL PLATFORMSğŸ¤ğŸ¾ 3rd Project ğŸ¥‰ The Process Continues @applemusic @spotify @youtube @iheartradio etc. #10 TRACKS ğŸ©¸SMACKER MUSIC !!! STRICTLY FOR THEM SMACKERS ğŸ’¥ğŸ’¥ğŸ’¥ğŸ§Ÿâ€â™‚ï¸ğŸ§Ÿâ€â™‚ï¸ MURDA MUSIC BE THE GENERAL #DRILLMUSIC ğŸ—£ï¸ğŸ—£ï¸ S/O @camchords @givemtheworkz_ @prodhenry8 @say.terrelle @highlightlifemedia #FREEMYMEMBERS #LLDaGuyz #HighLightLife #OUTNOW MERCH WILL BE AVAILABLE SOON 5.7
40lidae,CqDOlo4upTt-comment-37,57w,1,"""2024-05-15 18:59:18""",comment,BigRğŸ€„ï¸
meezybleeda,CqDOlo4upTt-comment-39,57w,1,"""2024-05-15 18:59:18""",comment,ğŸ”¥ğŸ”¥ğŸ”¥â¤ï¸
1rugerrudy,C1WXZQlOi3Q,17w,0,"""2024-05-15 18:59:18""",Reel,The Grind Dont Stop Working EveryDayğŸ©¸ @hv3visual_ ğŸ’ªğŸ¾ğŸ’¯
1rugerrudy,CkwjrIbP2cX,76w,0,"""2024-05-15 18:59:18""",Reel,CITY RED ğŸ©¸ #OUTNOW ğŸ”¥ #LINKINBIO ğŸ§Ÿâ€â™‚ï¸THE GOOD BAD GUY ON ALL PLATFORMS #STRHATSğŸ©
1rugerrudy,Cl9Zh_qJG3H,72w,0,"""2024-05-15 18:59:18""",Reel,FRONT LINE WITH THAT 4 INCH ğŸ©¸ CERTIFIED ğŸ”¥ğŸ”¥ OFFICIAL MUSIC VIDEO #OUTNOW ğŸ’¯ FT @teflon.webbie X @cobleeda_ X @realbleeda_ #12 on #TGBG LINK IN MY BIO ! ğŸš¦ SHOT BY @directedx5ivee ğŸ¤ ğŸ›ï¸ @audio_abuse
1rugerrudy,ClHX_6-pRon,75w,0,"""2024-05-15 18:59:18""",Reel,@hotboydue ğŸ©¸ğŸ”¥ğŸ”¥ Free Yoshi FT ME #OUTNOW #Linkinbio number 8 on the Tape #TGBG OUT ON ALL PLATFORMS #FREEYOSHI #FREEPOPEEZY #FREEKJ SHOT BY @tmb_productions ğŸ’¯
1rugerrudy,Cp00LfLp9vI,58w,0,"""2024-05-15 18:59:18""",Reel,Donâ€™t Matter How Far i Get ima Forever Be a ğŸŒªï¸ğŸŒªï¸ğŸŒªï¸ğŸŒªï¸ğŸ§Ÿâ€â™‚ï¸ğŸŒªï¸ #DaeTime ğŸ”¥ğŸ”¥ #OutNow Ft @realbleeda_ ğŸ©¸Ruger5.7 Otw #LinkinBio ğŸ¥ by @shotbygtf ğŸ’¯ ğŸ¹ @say.terrelle ğŸ›ï¸ @audio_abuse
1rugerrudy,Cpfjf3MrGoc,59w,0,"""2024-05-15 18:59:18""",Reel,ğŸ”¥ğŸ”¥ğŸ§Ÿâ€â™‚ï¸Aint Going Fa Nun Official music Video #OutNow On My YouTube Channel ğŸ“º Go #Subscribe #TGBG On All Platforms #FreeDemmembers #LinkinBio Ruger 5.7 otw ğŸ©¸
realbleeda_,Cpfjf3MrGoc-comment-1,16w,2,"""2024-05-15 18:59:18""",comment,ğŸ”¥ğŸ”¥
1rugerrudy,Cp_fiuMjF-z,57w,0,"""2024-05-15 18:59:18""",Reel,Go Check Out the interview i did w/ @highlightlifemedia ğŸ¤ğŸ¾ğŸ”¥ #HighLightLife RUGER 5.7 otwğŸ’¯
1rugerrudy,CqRfneOrzAi,56w,0,"""2024-05-15 18:59:18""",Reel,JRW ğŸ©¸â˜¢ï¸( Juvenile Runnin Wild) OFFICIAL MUSIC #OUTNOW ğŸ”¥ğŸ”¥ ON MY YOUTUBE #ALLFACTS ğŸ§Ÿâ€â™‚ï¸ GO #SUBSCRIBE RUGER5.7 ON ALL PLATFORMS ğŸ’¯ #FREEDEMEMBERS #LINKINBIO SHOT BY @shotbygtf PRODUCED BY @camchords
1rugerrudy,CzKSk9zrw4G,25w,0,"""2024-05-15 18:59:18""",Reel,FIRST DAY OUT #OUTNOW ON @youtube ğŸ”¥ #BLEEDABIZğŸ©¸ NEW TAPE OTW #SELFEXPLANATORY
40lidae,C1YtXh5ArRD,17w,0,"""2024-05-15 18:59:18""",Post,Itâ€™s a blessing Iâ€™m not dead Iâ€™m the real life reaper ğŸ€„ï¸ #freethefamily #llmysoldiersğŸ•Šâ¤ï¸
rugerrudy,C1YtXh5ArRD-comment-5,17w,2,"""2024-05-15 18:59:18""",comment,ğŸ©¸â¤ï¸â€ğŸ”¥
meezybleeda,C1YtXh5ArRD-comment-6,17w,2,"""2024-05-15 18:59:18""",comment,ğŸ”¥
realbleeda_,C1YtXh5ArRD-comment-11,16w,3,"""2024-05-15 18:59:18""",comment,ğŸ©¸ğŸ–¤
_54dableeda,C1YtXh5ArRD-comment-12,17w,7,"""2024-05-15 18:59:18""",comment,#Mr.imreadytho
40lidae,Co8MZ7zOesI,61w,0,"""2024-05-15 18:59:18""",Post,SuperVillain Iâ€™m UndefeatedğŸ€„ï¸ #llmysoldiersğŸ•Š #freethefamilyğŸ€„ï¸ğŸ«¶ğŸ¾
meezybleeda,Co8MZ7zOesI-comment-20,61w,0,"""2024-05-15 18:59:18""",comment,â¤ï¸
40lidae,Cz68DKpuOFg,22w,0,"""2024-05-15 18:59:18""",Post,If Yall Was Standing On Yall Name I Wouldâ€™ve Probably Flood Yall ğŸ€„ï¸ #freethefamilyğŸ”“#llmysoldiersğŸ•Š
meezybleeda,Cz68DKpuOFg-comment-1,21w,1,"""2024-05-15 18:59:18""",comment,â¤ï¸
_54dableeda,Cz68DKpuOFg-comment-6,22w,1,"""2024-05-15 18:59:18""",comment,daeğŸ’œ
5xcapone,C6UnzBwscRH,1d,0,"""2024-05-15 18:59:18""",Post,â€œ DRAG EM 2 HELL â€œ OUT NOW ğŸ’â¬‡ï¸ LINK in my Bio #3K
5xcapone,C6USLdpOUQh,1d,0,"""2024-05-15 18:59:18""",Post,2 Opps they dead they hate me ğŸ©¸ğŸ©¸ğŸ’€ #3K #PampasBaby #explore
5xcapone,C6Ut98gsvBu,1d,0,"""2024-05-15 18:59:18""",Post,ğŸ‘¹ğŸ‘¹ğŸ‘¹ big drac blow out the pick up truck ğŸ›» #3K
5xcapone,CDy_1mYjJCe,193w,0,"""2024-05-15 18:59:18""",Post,ğŸ“ˆğŸ­âš°ï¸
5xcapone,CFDwJFXMoeu,189w,0,"""2024-05-15 18:59:18""",Post,22 But 50 Shots In The blicky ğŸ¥ğŸ’¥ #TJE #5G
5xcapone,CHHJCTDnz16,182w,0,"""2024-05-15 18:59:18""",Post,Bitch We Strappedddd Up and want get In some SHIT 5ï¸âƒ£âœ…âš¡ï¸ #outnow #CGRNG #5
5xcapone,CHonn9osuqc,180w,0,"""2024-05-15 18:59:18""",Post,Nigga 5ay they Got ğŸ’° on my head ğŸ¤¯ It Must Be false or his shooters must be scared ğŸ˜ğŸ¥âš¡ï¸âœ… #BagUp #darklightbulbentertainment #videoshootğŸ¥ #gravedigger #5 #explorepage
5xcapone,CIAF9pmnEZk,141w,0,"""2024-05-15 18:59:18""",Post,OUT NOWğŸ”¥âš¡ï¸ #YouTube ğŸ–¤ğŸš€ #5
5xcapone,CIAF9pmnEZk-comment-1,141w,0,"""2024-05-15 18:59:18""",comment,@moneybaggyo
5xcapone,CIAF9pmnEZk-comment-2,141w,0,"""2024-05-15 18:59:18""",comment,@moneybaggyo
5xcapone,CIAF9pmnEZk-comment-3,141w,0,"""2024-05-15 18:59:18""",comment,@moneybaggyo
5xcapone,CIAF9pmnEZk-comment-4,141w,0,"""2024-05-15 18:59:18""",comment,@moneybaggyo
5xcapone,CIAF9pmnEZk-comment-5,141w,0,"""2024-05-15 18:59:18""",comment,@moneybaggyo
5xcapone,CIceRrCH_ue,177w,0,"""2024-05-15 18:59:18""",Post,We donâ€™t shoot Up Out No Windows ğŸ˜ˆ When Yâ€™all want itğŸš€5ï¸âƒ£ğŸ”¥ @darklightbulbentertainment @funnymike_ent #5GANG #DLE #CGRNG #explore #viral SHOT BY @staxx.tv âš¡ï¸ğŸ¥
5xcapone,CImrmNZnRRY,176w,0,"""2024-05-15 18:59:18""",Post,SCARED SHOOTERS OUT NOW ğŸ¤¯ğŸš€ #viralvideos #explorepage #music #rapper @saycheesetv @saycheesetv @saycheesetv @saycheesetv @saycheesetv
5xcapone,CKRlHZysx7d,170w,0,"""2024-05-15 18:59:18""",Post,so many packs i done ran thru I think my scale Broke ğŸ’°ğŸ˜ #DLE #5GANG
5xcapone,CLm57UDM7SR,166w,0,"""2024-05-15 18:59:18""",Post,You rap what you hear and I rap what I live ğŸ–¤â—ï¸
5xcapone,C6UnzBwscRH,1d,0,"""2024-05-15 18:59:18""",Reel,â€œ DRAG EM 2 HELL â€œ OUT NOW ğŸ’â¬‡ï¸ LINK in my Bio #3K
5xcapone,C6Ut98gsvBu,1d,0,"""2024-05-15 18:59:18""",Reel,ğŸ‘¹ğŸ‘¹ğŸ‘¹ big drac blow out the pick up truck ğŸ›» #3K
5xcapone,CDy_1mYjJCe,193w,0,"""2024-05-15 18:59:18""",Reel,ğŸ“ˆğŸ­âš°ï¸
5xcapone,CHHJCTDnz16,182w,0,"""2024-05-15 18:59:18""",Reel,Bitch We Strappedddd Up and want get In some SHIT 5ï¸âƒ£âœ…âš¡ï¸ #outnow #CGRNG #5
5xcapone,CIAF9pmnEZk,141w,0,"""2024-05-15 18:59:18""",Reel,OUT NOWğŸ”¥âš¡ï¸ #YouTube ğŸ–¤ğŸš€ #5
5xcapone,CIAF9pmnEZk-comment-1,141w,0,"""2024-05-15 18:59:18""",comment,@moneybaggyo
5xcapone,CIAF9pmnEZk-comment-2,141w,0,"""2024-05-15 18:59:18""",comment,@moneybaggyo
5xcapone,CIAF9pmnEZk-comment-3,141w,0,"""2024-05-15 18:59:18""",comment,@moneybaggyo
5xcapone,CIAF9pmnEZk-comment-4,141w,0,"""2024-05-15 18:59:18""",comment,@moneybaggyo
5xcapone,CIAF9pmnEZk-comment-5,141w,0,"""2024-05-15 18:59:18""",comment,@moneybaggyo
5xcapone,CIceRrCH_ue,177w,0,"""2024-05-15 18:59:18""",Reel,We donâ€™t shoot Up Out No Windows ğŸ˜ˆ When Yâ€™all want itğŸš€5ï¸âƒ£ğŸ”¥ @darklightbulbentertainment @funnymike_ent #5GANG #DLE #CGRNG #explore #viral SHOT BY @staxx.tv âš¡ï¸ğŸ¥
5xcapone,CImrmNZnRRY,176w,0,"""2024-05-15 18:59:18""",Reel,SCARED SHOOTERS OUT NOW ğŸ¤¯ğŸš€ #viralvideos #explorepage #music #rapper @saycheesetv @saycheesetv @saycheesetv @saycheesetv @saycheesetv
darksideyoungannn,Ce9BdaCLkTF,97w,0,"""2024-05-15 18:59:18""",Post,THEY ON THEY BLOCK SHID JUST LET ME OUT ND PULL AROUND THE BACK #DEDEBLANCOğŸ’™
foreverbleeda,C2lK283xLNk,13w,0,"""2024-05-15 18:59:18""",Post,Old Freestyle Off The Top ğŸ©¸
foreverbleeda,C3CMd3QMDej,11w,0,"""2024-05-15 18:59:18""",Post,Rare Studio Session ğŸ©¸ Make Sure They All Bleed in The Name Of ğŸ¤« Just Watch It ğŸ’”
foreverbleeda,C3UACzXsQcW,10w,0,"""2024-05-15 18:59:18""",Post,Play For Keeps ğŸ©¸
foreverbleeda,C57cqD3Mt9s,1w,0,"""2024-05-15 18:59:18""",Post,True Bleeda ğŸ©¸
foreverbleeda,C5TxF5_xj5U,3w,0,"""2024-05-15 18:59:18""",Post,Blood Strain Bout Li BleedağŸ©¸#TMU
foreverbleeda,Ca-Ls7YrKV1,111w,0,"""2024-05-15 18:59:18""",Post,@truebleeda The Vocals Was There 100% ğŸ©¸
foreverbleeda,CalOw9ysf4Z,112w,0,"""2024-05-15 18:59:18""",Post,@truebleeda ğŸ©¸ğŸ’”
foreverbleeda,Cang_byNiZN,112w,0,"""2024-05-15 18:59:18""",Post,@truebleeda ğŸ©¸ I heard ah Opp Died On Arrival Yeaa!
foreverbleeda,CavznVMOIN1,112w,0,"""2024-05-15 18:59:18""",Post,Rest Up @truebleeda I love Yo Music Brudda The Engery You Gave out You Was Really Next To Be Major Crazy wish You Had Your Third Eye Open That Day But #ForeverBleeda ğŸ©¸ Yo Music Wonâ€™t Never Play Out Because Pain Last Forever itâ€™s Always Gone Be Somebody That Feel How You Felt Each Song Damn Shit Sad You Left at 18 ğŸ¤¦ğŸ¾ #LoveDontLiveHere #TrenchBusiness #TrueBleeda #Bleeda
foreverbleeda,CaxO9vBAbHF,111w,0,"""2024-05-15 18:59:18""",Post,True Bleeda ğŸ©¸
foreverbleeda,CcJIOoGssXK,107w,0,"""2024-05-15 18:59:18""",Post,@truebleeda ğŸ©¸
foreverbleeda,Cj5eTeZpgEN,79w,0,"""2024-05-15 18:59:18""",Post,@truebleeda | Freestyle 2022 ğŸ©¸
foreverbleeda,CmxwhtztuLj,69w,0,"""2024-05-15 18:59:18""",Post,Message From @truebleeda Himself ğŸ©¸ğŸ‘¼ğŸ¼ #1819
foreverbleeda,CmxyuabJv_Q,69w,0,"""2024-05-15 18:59:18""",Post,LLBleeda LLCliff ğŸ©¸
foreverbleeda,Cm_LHQZp2I7,68w,0,"""2024-05-15 18:59:18""",Post,Long Live @truebleeda ğŸ‘¼ğŸ¼ğŸ©¸
foreverbleeda,CnwduEhLzzl,65w,0,"""2024-05-15 18:59:18""",Post,Your Birthday Tomorrow BIG 19 Wish Life Had a Reset Button So You Was Here To Live it @truebleeda ğŸ’”ğŸ©¸ Rest Yo Soul But You Still Living Through Your Music Real Pain Never Die You The Realist
foreverbleeda,CnzqRo0JyRI,65w,0,"""2024-05-15 18:59:18""",Post,A True Bleeda Story ğŸ©¸ #BIG19 ğŸ’”
foreverbleeda,CoEbR44stJ_,64w,0,"""2024-05-15 18:59:18""",Post,Check My Jacket ğŸ©¸
foreverbleeda,CogQq6krrNt,63w,0,"""2024-05-15 18:59:18""",Post,Murda 1 ğŸ©¸ğŸ«¶ğŸ¾
foreverbleeda,CoLhhm0rVe4,64w,0,"""2024-05-15 18:59:18""",Post,Da Biggest Bleeda ğŸ©¸
foreverbleeda,Cp-zmiuJ5Sj,57w,0,"""2024-05-15 18:59:18""",Post,ğŸ«¶ğŸ¾
foreverbleeda,CpGXpXFJ5u4,61w,0,"""2024-05-15 18:59:18""",Post,Happy Bleeda Day ğŸ©¸ @truebleeda â™¾ï¸
foreverbleeda,CrEbQNLph-M,54w,0,"""2024-05-15 18:59:18""",Post,Donâ€™t Rat On Me ğŸ€ ğŸ©¸
foreverbleeda,Crn65h-PKT4,52w,0,"""2024-05-15 18:59:18""",Post,WEB THE BLOCK ğŸ’œğŸ‘¼ğŸ½
foreverbleeda,CsdB6VipP7s,40w,0,"""2024-05-15 18:59:18""",Post,True Bleeda Raw Vocal Motivation For Depression ğŸ©¸ğŸ«¶ğŸ¾
foreverbleeda,Ct-hl1AurTQ,43w,0,"""2024-05-15 18:59:18""",Post,Soul Survivor #Props ğŸ©¸
foreverbleeda,Ctfj8XEORA4,45w,0,"""2024-05-15 18:59:18""",Post,ğŸ©¸ My Name ğŸ©¸ #TheBiggestBleeda
foreverbleeda,CtxyKyUsk_7,44w,0,"""2024-05-15 18:59:18""",Post,It Hurt My Heart To See My Niggas In The Grave ğŸ©¸ğŸ’”
foreverbleeda,Cu0oLPxOhew,40w,0,"""2024-05-15 18:59:18""",Post,Murda ğŸ©¸ #props
foreverbleeda,CunKQ5lJDLF,41w,0,"""2024-05-15 18:59:18""",Post,The Biggest Bleeda ğŸ©¸ğŸ¤«
foreverbleeda,Cv2tr6BM8XN,37w,0,"""2024-05-15 18:59:18""",Post,Stand On Business ğŸ«µğŸ¾ğŸ©¸
foreverbleeda,CwA5fqluhiD,36w,0,"""2024-05-15 18:59:18""",Post,Black Live Matter ğŸ–•ğŸ¾ BRPD #Freestyle ğŸ©¸
foreverbleeda,CweSNWes4A2,34w,0,"""2024-05-15 18:59:18""",Post,Nowhere To Be Found ğŸ«µğŸ¾ğŸ’”ğŸ©¸
foreverbleeda,Cwrtgo4ueX_,34w,0,"""2024-05-15 18:59:18""",Post,"How TF You Judge a Nigga
& You Donâ€™t Even Know Me"
foreverbleeda,CzKJW6exgcK,25w,0,"""2024-05-15 18:59:18""",Post,Biggest Bleeda ğŸ©¸
foreverbleeda,C2lK283xLNk,13w,0,"""2024-05-15 18:59:18""",Reel,Old Freestyle Off The Top ğŸ©¸
foreverbleeda,C3CMd3QMDej,11w,0,"""2024-05-15 18:59:18""",Reel,Rare Studio Session ğŸ©¸ Make Sure They All Bleed in The Name Of ğŸ¤« Just Watch It ğŸ’”
foreverbleeda,C3UACzXsQcW,10w,0,"""2024-05-15 18:59:18""",Reel,Play For Keeps ğŸ©¸
foreverbleeda,C57cqD3Mt9s,1w,0,"""2024-05-15 18:59:18""",Reel,True Bleeda ğŸ©¸
foreverbleeda,C5TxF5_xj5U,3w,0,"""2024-05-15 18:59:18""",Reel,Blood Strain Bout Li BleedağŸ©¸#TMU
foreverbleeda,Ca-Ls7YrKV1,111w,0,"""2024-05-15 18:59:18""",Reel,@truebleeda The Vocals Was There 100% ğŸ©¸
foreverbleeda,Cang_byNiZN,112w,0,"""2024-05-15 18:59:18""",Reel,@truebleeda ğŸ©¸ I heard ah Opp Died On Arrival Yeaa!
foreverbleeda,CavznVMOIN1,112w,0,"""2024-05-15 18:59:18""",Reel,Rest Up @truebleeda I love Yo Music Brudda The Engery You Gave out You Was Really Next To Be Major Crazy wish You Had Your Third Eye Open That Day But #ForeverBleeda ğŸ©¸ Yo Music Wonâ€™t Never Play Out Because Pain Last Forever itâ€™s Always Gone Be Somebody That Feel How You Felt Each Song Damn Shit Sad You Left at 18 ğŸ¤¦ğŸ¾ #LoveDontLiveHere #TrenchBusiness #TrueBleeda #Bleeda
foreverbleeda,CaxO9vBAbHF,111w,0,"""2024-05-15 18:59:18""",Reel,True Bleeda ğŸ©¸
foreverbleeda,CcJIOoGssXK,107w,0,"""2024-05-15 18:59:18""",Reel,@truebleeda ğŸ©¸
foreverbleeda,Cj5eTeZpgEN,79w,0,"""2024-05-15 18:59:18""",Reel,@truebleeda | Freestyle 2022 ğŸ©¸
foreverbleeda,CmxwhtztuLj,69w,0,"""2024-05-15 18:59:18""",Reel,Message From @truebleeda Himself ğŸ©¸ğŸ‘¼ğŸ¼ #1819
foreverbleeda,CmxyuabJv_Q,69w,0,"""2024-05-15 18:59:18""",Reel,LLBleeda LLCliff ğŸ©¸
foreverbleeda,Cm_LHQZp2I7,68w,0,"""2024-05-15 18:59:18""",Reel,Long Live @truebleeda ğŸ‘¼ğŸ¼ğŸ©¸
foreverbleeda,CnwduEhLzzl,65w,0,"""2024-05-15 18:59:18""",Reel,Your Birthday Tomorrow BIG 19 Wish Life Had a Reset Button So You Was Here To Live it @truebleeda ğŸ’”ğŸ©¸ Rest Yo Soul But You Still Living Through Your Music Real Pain Never Die You The Realist
foreverbleeda,CnzqRo0JyRI,65w,0,"""2024-05-15 18:59:18""",Reel,A True Bleeda Story ğŸ©¸ #BIG19 ğŸ’”
foreverbleeda,CoEbR44stJ_,64w,0,"""2024-05-15 18:59:18""",Reel,Check My Jacket ğŸ©¸
foreverbleeda,CogQq6krrNt,63w,0,"""2024-05-15 18:59:18""",Reel,Murda 1 ğŸ©¸ğŸ«¶ğŸ¾
foreverbleeda,CoLhhm0rVe4,64w,0,"""2024-05-15 18:59:18""",Reel,Da Biggest Bleeda ğŸ©¸
foreverbleeda,CpGXpXFJ5u4,61w,0,"""2024-05-15 18:59:18""",Reel,Happy Bleeda Day ğŸ©¸ @truebleeda â™¾ï¸
foreverbleeda,CrEbQNLph-M,54w,0,"""2024-05-15 18:59:18""",Reel,Donâ€™t Rat On Me ğŸ€ ğŸ©¸
foreverbleeda,Crn65h-PKT4,52w,0,"""2024-05-15 18:59:18""",Reel,WEB THE BLOCK ğŸ’œğŸ‘¼ğŸ½
foreverbleeda,CsdB6VipP7s,40w,0,"""2024-05-15 18:59:18""",Reel,True Bleeda Raw Vocal Motivation For Depression ğŸ©¸ğŸ«¶ğŸ¾
foreverbleeda,Ct-hl1AurTQ,43w,0,"""2024-05-15 18:59:18""",Reel,Soul Survivor #Props ğŸ©¸
foreverbleeda,Ctfj8XEORA4,45w,0,"""2024-05-15 18:59:18""",Reel,ğŸ©¸ My Name ğŸ©¸ #TheBiggestBleeda
foreverbleeda,CtxyKyUsk_7,44w,0,"""2024-05-15 18:59:18""",Reel,It Hurt My Heart To See My Niggas In The Grave ğŸ©¸ğŸ’”
foreverbleeda,Cu0oLPxOhew,40w,0,"""2024-05-15 18:59:18""",Reel,Murda ğŸ©¸ #props
foreverbleeda,CunKQ5lJDLF,41w,0,"""2024-05-15 18:59:18""",Reel,The Biggest Bleeda ğŸ©¸ğŸ¤«
foreverbleeda,Cv2tr6BM8XN,37w,0,"""2024-05-15 18:59:18""",Reel,Stand On Business ğŸ«µğŸ¾ğŸ©¸
foreverbleeda,CwA5fqluhiD,36w,0,"""2024-05-15 18:59:18""",Reel,Black Live Matter ğŸ–•ğŸ¾ BRPD #Freestyle ğŸ©¸
foreverbleeda,CweSNWes4A2,34w,0,"""2024-05-15 18:59:18""",Reel,Nowhere To Be Found ğŸ«µğŸ¾ğŸ’”ğŸ©¸
foreverbleeda,Cwrtgo4ueX_,34w,0,"""2024-05-15 18:59:18""",Reel,"How TF You Judge a Nigga
& You Donâ€™t Even Know Me"
iam40glockcyou,C21Uak7Mz0k,12w,0,"""2024-05-15 18:59:18""",Post,Back & Better Mixtape Out Now Everywhere Link In My Bio TmuğŸ”¥ #explore #repost
rugerrudy,C21Uak7Mz0k-comment-3,12w,0,"""2024-05-15 18:59:18""",comment,ğŸ”¥ğŸ”¥ğŸ”¥ğŸ©¸ğŸš€ğŸ“ˆ
iam40glockcyou,C2671wgO9Lo,11w,0,"""2024-05-15 18:59:18""",Post,trippin at 4am #explore
iam40glockcyou,C2Ai0Corvt0,15w,0,"""2024-05-15 18:59:18""",Post,They Tryna Stop My Shine But This Shi ğŸ†™ 4L(Link in Bio) #explore
iam40glockcyou,C2GhdNTrf-4,14w,0,"""2024-05-15 18:59:18""",Post,Aint Been Home ğŸ’¯ Days But I Seen 100kğŸ’™ #explore #litterthanyobfğŸ¤·ğŸ¾â€â™‚ï¸
realbleeda_,C2GhdNTrf-4-comment-3,14w,3,"""2024-05-15 18:59:18""",comment,ğŸ©¸ğŸ–¤
rugerrudy,C2GhdNTrf-4-comment-6,14w,2,"""2024-05-15 18:59:18""",comment,IğŸ©¸You
40lidae,C2GhdNTrf-4-comment-7,14w,1,"""2024-05-15 18:59:18""",comment,MybruddağŸ¤ğŸ¾
_54dableeda,C2GhdNTrf-4-comment-8,14w,1,"""2024-05-15 18:59:18""",comment,ğŸ”¥â¤ï¸
teenosatan,C2GhdNTrf-4-comment-11,14w,1,"""2024-05-15 18:59:18""",comment,ğŸ©¸
meezybleeda,C2GhdNTrf-4-comment-36,14w,0,"""2024-05-15 18:59:18""",comment,DabbyğŸ«¶ğŸ¾
iam40glockcyou,C2lA3F5ODPT,13w,0,"""2024-05-15 18:59:18""",Post,All My Niggas Got MotionğŸ’• Vday Come You Broke My Dawg Gone Buy Her RosesğŸ¤£ #explore
realbleeda_,C2lA3F5ODPT-comment-4,13w,2,"""2024-05-15 18:59:18""",comment,SfğŸ©¸ğŸ–¤
40lidae,C2lA3F5ODPT-comment-6,13w,0,"""2024-05-15 18:59:18""",comment,ğŸ¤ğŸ¾ğŸ¤ğŸ¾
teenosatan,C2lA3F5ODPT-comment-29,13w,0,"""2024-05-15 18:59:18""",comment,ğŸ¤ğŸ¾ğŸ¥·
iam40glockcyou,C2oG3fQMSHg,13w,0,"""2024-05-15 18:59:18""",Post,I Made My Self A Boss! Forever Ride For My Bro What I Was Taught â™ ï¸ #explore #4GS
realbleeda_,C2oG3fQMSHg-comment-1,13w,2,"""2024-05-15 18:59:18""",comment,ğŸ©¸ğŸ–¤
teenosatan,C2oG3fQMSHg-comment-30,13w,0,"""2024-05-15 18:59:18""",comment,DaBig1ğŸ©¸ğŸ’œ
iam40glockcyou,C2P5zyNLWX4,14w,0,"""2024-05-15 18:59:18""",Post,Site Is Now ğŸ†™ And Running Go Support ğŸ’œ Link In My BioğŸ’° #explore
iam40glockcyou,C2qvRSRsQvW,12w,0,"""2024-05-15 18:59:18""",Post,Im Loaded Out Now Link In My BioğŸ”¥ #explore
40lidae,C2qvRSRsQvW-comment-3,12w,3,"""2024-05-15 18:59:18""",comment,Big 4G$ğŸ¤ğŸ¾
meezybleeda,C2qvRSRsQvW-comment-4,12w,2,"""2024-05-15 18:59:18""",comment,ğŸ”¥ğŸ”¥
meezybleeda,C2qvRSRsQvW-comment-5,12w,2,"""2024-05-15 18:59:18""",comment,ğŸ”¥â¤ï¸
rugerrudy,C2qvRSRsQvW-comment-12,12w,10,"""2024-05-15 18:59:18""",comment,ğŸ©¸ğŸ”¥ğŸ”¥ğŸ”¥
realbleeda_,C2qvRSRsQvW-comment-19,12w,24,"""2024-05-15 18:59:18""",comment,ğŸ©¸ğŸ–¤
_54dableeda,C2qvRSRsQvW-comment-20,12w,1,"""2024-05-15 18:59:18""",comment,Glizzy ğŸ’¯ğŸ‹
iam40glockcyou,C2R3XgoOPln,14w,0,"""2024-05-15 18:59:18""",Post,Back & Better Out Now Link In My BioğŸ”¥ğŸ†™ #explore
realbleeda_,C2R3XgoOPln-comment-2,14w,5,"""2024-05-15 18:59:18""",comment,ğŸ©¸ğŸ–¤ out now
rugerrudy,C2R3XgoOPln-comment-11,14w,5,"""2024-05-15 18:59:18""",comment,ğŸ”¥ğŸ”¥ğŸ©¸
40lidae,C2R3XgoOPln-comment-31,14w,0,"""2024-05-15 18:59:18""",comment,would never change on youğŸ¤ğŸ¾
iam40glockcyou,C2ya4pmMexu,12w,0,"""2024-05-15 18:59:18""",Post,First Off Im Not These RappersğŸ«¸ğŸ¾ ğŸ†“ 4G$ #explore
40lidae,C2ya4pmMexu-comment-3,12w,0,"""2024-05-15 18:59:18""",comment,Yk how me and my brudda getğŸ€„ï¸
teenosatan,C2ya4pmMexu-comment-11,12w,0,"""2024-05-15 18:59:18""",comment,BangğŸ…±ï¸toğŸ©¸â¤ï¸â€ğŸ”¥
rugerrudy,C2ya4pmMexu-comment-43,12w,0,"""2024-05-15 18:59:18""",comment,ğŸ©¸ğŸ©¸
rugerrudy,C2ya4pmMexu-comment-44,12w,0,"""2024-05-15 18:59:18""",comment,ğŸ©¸â¤ï¸ #FreeAsh
iam40glockcyou,C3CFNHosH8V,11w,0,"""2024-05-15 18:59:18""",Post,ğŸ” ğŸ€„ï¸ I PULL UP LET OFF 60 FR ğŸ†“ @db4lkayjay & @hotboydue ğŸ©¸ #explore #TOPOPP
realbleeda_,C3CFNHosH8V-comment-1,11w,3,"""2024-05-15 18:59:18""",comment,ğŸ©¸ğŸ–¤
rugerrudy,C3CFNHosH8V-comment-2,11w,0,"""2024-05-15 18:59:18""",comment,ğŸ©¸â¤ï¸
iam40glockcyou,C3Jnr_qsVAb,11w,0,"""2024-05-15 18:59:18""",Post,@_bigglizzyg Ft Me â›½ï¸ Out Now Turn Me And Bro UpğŸ’¨ #explore #pickemup
rugerrudy,C3Jnr_qsVAb-comment-3,11w,4,"""2024-05-15 18:59:18""",comment,ğŸ”¥ğŸ”¥
40lidae,C3Jnr_qsVAb-comment-4,11w,0,"""2024-05-15 18:59:18""",comment,Yk how we bangğŸ€„ï¸
realbleeda_,C3Jnr_qsVAb-comment-9,11w,6,"""2024-05-15 18:59:18""",comment,ğŸ©¸ğŸ–¤
iam40glockcyou,C3lxB3NsLvO,9w,0,"""2024-05-15 18:59:18""",Post,TTG Out Now Link In Her BioğŸ©¸ #explore
rugerrudy,C3lxB3NsLvO-comment-2,9w,7,"""2024-05-15 18:59:18""",comment,ğŸ”¥ğŸ”¥ğŸ©¸ğŸ€„ï¸
40lidae,C3lxB3NsLvO-comment-5,9w,3,"""2024-05-15 18:59:18""",comment,ğŸ¤ğŸ¾ğŸ€„ï¸ğŸ©¸
iam40glockcyou,C3oy0NqM-7g,9w,0,"""2024-05-15 18:59:18""",Post,F*ck The Forensics Out NowğŸŒªï¸ #explore
40lidae,C3oy0NqM-7g-comment-7,9w,12,"""2024-05-15 18:59:18""",comment,Who Better Then Us??ğŸ€„ï¸ğŸ€„ï¸
iam40glockcyou,C3WAlEOxShw,10w,0,"""2024-05-15 18:59:18""",Post,Add Me â¬†ï¸ #explore
meezybleeda,C3WAlEOxShw-comment-1,10w,1,"""2024-05-15 18:59:18""",comment,â¤ğŸ”¥
realbleeda_,C3WAlEOxShw-comment-2,10w,6,"""2024-05-15 18:59:18""",comment,ğŸ©¸ğŸ–¤
iam40glockcyou,C3y3sBdsE12,8w,0,"""2024-05-15 18:59:18""",Post,Behind My Brother Iâ€™ll Chase You A Whole Mile! When We Hop Out We ğŸƒâ€â™‚ï¸ DownğŸŒªï¸ğŸ©¸ #explore #bangbroğŸ”
teenosatan,C3y3sBdsE12-comment-11,8w,1,"""2024-05-15 18:59:18""",comment,ğŸ…±ï¸ang ğŸ…±ï¸ro ğŸ€„ï¸
iam40glockcyou,C3YgJBbxyH4,10w,0,"""2024-05-15 18:59:18""",Post,Chalkem Official Video Out Now ğŸ”¥ #explore
40lidae,C3YgJBbxyH4-comment-1,10w,1,"""2024-05-15 18:59:18""",comment,ğŸ€„ï¸ğŸ€„ï¸ğŸ€„ï¸
meezybleeda,C3YgJBbxyH4-comment-2,10w,1,"""2024-05-15 18:59:18""",comment,ğŸ”¥ğŸ”¥
_54dableeda,C3YgJBbxyH4-comment-9,10w,1,"""2024-05-15 18:59:18""",comment,ğŸ”¥ğŸ”¥ğŸ”¥
realbleeda_,C3YgJBbxyH4-comment-10,10w,12,"""2024-05-15 18:59:18""",comment,ğŸ©¸ğŸ–¤
iam40glockcyou,C4Hfj7ssxkx,7w,0,"""2024-05-15 18:59:18""",Post,Get my last video to 100K & Ima drop thisâ€¼ï¸ I be home soonğŸ’œ
iam40glockcyou,C4POEaQsPiJ,7w,0,"""2024-05-15 18:59:18""",Post,1-3 Comment Yall Favorite â€¼ï¸ I be home soonğŸ’œ #explorepage
40lidae,C4POEaQsPiJ-comment-3,7w,5,"""2024-05-15 18:59:18""",comment,FreeTheFamily ğŸ€„ï¸
iam40glockcyou,C54-A_RuZZL,1w,0,"""2024-05-15 18:59:18""",Post,Right Now Out NowğŸ’œğŸ¤£ Link In Bio Be Home Soon #explore
40lidae,C54-A_RuZZL-comment-11,1w,1,"""2024-05-15 18:59:18""",comment,ğŸ€„ï¸ğŸ€„ï¸
iam40glockcyou,C2Ai0Corvt0,15w,0,"""2024-05-15 18:59:18""",Reel,They Tryna Stop My Shine But This Shi ğŸ†™ 4L(Link in Bio) #explore
iam40glockcyou,C2qvRSRsQvW,12w,0,"""2024-05-15 18:59:18""",Reel,Im Loaded Out Now Link In My BioğŸ”¥ #explore
meezybleeda,C2qvRSRsQvW-comment-2,12w,2,"""2024-05-15 18:59:18""",comment,ğŸ”¥ğŸ”¥
40lidae,C2qvRSRsQvW-comment-4,12w,3,"""2024-05-15 18:59:18""",comment,Big 4G$ğŸ¤ğŸ¾
meezybleeda,C2qvRSRsQvW-comment-5,12w,2,"""2024-05-15 18:59:18""",comment,ğŸ”¥â¤ï¸
rugerrudy,C2qvRSRsQvW-comment-12,12w,10,"""2024-05-15 18:59:18""",comment,ğŸ©¸ğŸ”¥ğŸ”¥ğŸ”¥
iam40glockcyou,C2R3XgoOPln,14w,0,"""2024-05-15 18:59:18""",Reel,Back & Better Out Now Link In My BioğŸ”¥ğŸ†™ #explore
realbleeda_,C2R3XgoOPln-comment-2,14w,5,"""2024-05-15 18:59:18""",comment,ğŸ©¸ğŸ–¤ out now
rugerrudy,C2R3XgoOPln-comment-11,14w,5,"""2024-05-15 18:59:18""",comment,ğŸ”¥ğŸ”¥ğŸ©¸
iam40glockcyou,C3Jnr_qsVAb,11w,0,"""2024-05-15 18:59:18""",Reel,@_bigglizzyg Ft Me â›½ï¸ Out Now Turn Me And Bro UpğŸ’¨ #explore #pickemup
rugerrudy,C3Jnr_qsVAb-comment-3,11w,4,"""2024-05-15 18:59:18""",comment,ğŸ”¥ğŸ”¥
40lidae,C3Jnr_qsVAb-comment-4,11w,0,"""2024-05-15 18:59:18""",comment,Yk how we bangğŸ€„ï¸
realbleeda_,C3Jnr_qsVAb-comment-9,11w,6,"""2024-05-15 18:59:18""",comment,ğŸ©¸ğŸ–¤
iam40glockcyou,C3lxB3NsLvO,9w,0,"""2024-05-15 18:59:18""",Reel,TTG Out Now Link In Her BioğŸ©¸ #explore
rugerrudy,C3lxB3NsLvO-comment-2,9w,7,"""2024-05-15 18:59:18""",comment,ğŸ”¥ğŸ”¥ğŸ©¸ğŸ€„ï¸
40lidae,C3lxB3NsLvO-comment-5,9w,3,"""2024-05-15 18:59:18""",comment,ğŸ¤ğŸ¾ğŸ€„ï¸ğŸ©¸
iam40glockcyou,C3oy0NqM-7g,9w,0,"""2024-05-15 18:59:18""",Reel,F*ck The Forensics Out NowğŸŒªï¸ #explore
40lidae,C3oy0NqM-7g-comment-7,9w,12,"""2024-05-15 18:59:18""",comment,Who Better Then Us??ğŸ€„ï¸ğŸ€„ï¸
iam40glockcyou,C3YgJBbxyH4,10w,0,"""2024-05-15 18:59:18""",Reel,Chalkem Official Video Out Now ğŸ”¥ #explore
40lidae,C3YgJBbxyH4-comment-1,10w,1,"""2024-05-15 18:59:18""",comment,ğŸ€„ï¸ğŸ€„ï¸ğŸ€„ï¸
meezybleeda,C3YgJBbxyH4-comment-2,10w,1,"""2024-05-15 18:59:18""",comment,ğŸ”¥ğŸ”¥
_54dableeda,C3YgJBbxyH4-comment-9,10w,1,"""2024-05-15 18:59:18""",comment,ğŸ”¥ğŸ”¥ğŸ”¥
realbleeda_,C3YgJBbxyH4-comment-10,10w,12,"""2024-05-15 18:59:18""",comment,ğŸ©¸ğŸ–¤
iam40glockcyou,C4Hfj7ssxkx,7w,0,"""2024-05-15 18:59:18""",Reel,Get my last video to 100K & Ima drop thisâ€¼ï¸ I be home soonğŸ’œ
iam40glockcyou,C54-A_RuZZL,1w,0,"""2024-05-15 18:59:18""",Reel,Right Now Out NowğŸ’œğŸ¤£ Link In Bio Be Home Soon #explore
40lidae,C54-A_RuZZL-comment-13,1w,1,"""2024-05-15 18:59:18""",comment,ğŸ€„ï¸ğŸ€„ï¸
meezybleeda,C0H004jxNW1,21w,0,"""2024-05-15 18:59:18""",Post,Banging ğŸ©¸And ğŸ’œ Like Torontoâ€¦
teenosatan,C0H004jxNW1-comment-4,21w,0,"""2024-05-15 18:59:18""",comment,Ik Fs he gon squeeze ğŸ©¸ğŸ«¡
meezybleeda,C1P2HIkx6mK,17w,0,"""2024-05-15 18:59:18""",Post,With Them Member Or By Myself Bx Iâ€™m On ğŸš¥ #2bloodyğŸ©¸
rugerrudy,C1P2HIkx6mK-comment-2,17w,1,"""2024-05-15 18:59:18""",comment,ğŸ©¸â¤ï¸â€ğŸ”¥ ts on The Floor like latto
40lidae,C1P2HIkx6mK-comment-3,17w,2,"""2024-05-15 18:59:18""",comment,Love you brudda ğŸ«¶ğŸ¾
realbleeda_,C1P2HIkx6mK-comment-4,17w,2,"""2024-05-15 18:59:18""",comment,ğŸ©¸ğŸ–¤
_54dableeda,C1P2HIkx6mK-comment-9,17w,0,"""2024-05-15 18:59:18""",comment,meezy not my kin bhut that nikka like a brother too mehğŸ©¸â¤ï¸
meezybleeda,C1Uz9yzxV5N,17w,0,"""2024-05-15 18:59:18""",Post,Life Getting Better Pockets Getting Sweller Soon Wealthy ForeverğŸ™ğŸ¾ğŸ©¸ #bleeda4gsâ¤ï¸
rugerrudy,C1Uz9yzxV5N-comment-2,17w,4,"""2024-05-15 18:59:18""",comment,ğŸ©¸ğŸ©¸â¤ï¸â€ğŸ”¥ ts on the floor #LLMB
realbleeda_,C1Uz9yzxV5N-comment-3,17w,3,"""2024-05-15 18:59:18""",comment,ğŸ©¸ğŸ–¤
meezybleeda,C1YXdJnMb_K,17w,0,"""2024-05-15 18:59:18""",Post,Inna Trenchez I Feel The Safestâ¤ï¸ & I Troll Alot But Niggas Kno Who 2 Play WithğŸ©¸ğŸ…±ï¸ #604gğŸ’²Bleeda
realbleeda_,C1YXdJnMb_K-comment-4,17w,2,"""2024-05-15 18:59:18""",comment,ğŸ©¸ğŸ–¤
40lidae,C1YXdJnMb_K-comment-5,17w,1,"""2024-05-15 18:59:18""",comment,MeezyğŸ€„ï¸ğŸ«¶ğŸ¾
meezybleeda,C2svPBLRNja,12w,0,"""2024-05-15 18:59:18""",Post,"Iâ€™m Meezy Imma Get Witcha , & Iâ€™m Fw Them K*llers , One Call Thatâ€™s All Iâ€™m Zipping Shit Like A ZipperğŸ©¸â³ #bleedabizğŸ©¸"
40lidae,C2svPBLRNja-comment-2,12w,2,"""2024-05-15 18:59:18""",comment,Forever with you ğŸ¤ğŸ¾
rugerrudy,C2svPBLRNja-comment-4,12w,2,"""2024-05-15 18:59:18""",comment,ğŸ©¸â¤ï¸
realbleeda_,C2svPBLRNja-comment-5,10w,1,"""2024-05-15 18:59:18""",comment,ğŸ©¸ğŸ–¤
_54dableeda,C2svPBLRNja-comment-7,12w,1,"""2024-05-15 18:59:18""",comment,ğŸ’¯ğŸ‹
teenosatan,C2svPBLRNja-comment-9,12w,1,"""2024-05-15 18:59:18""",comment,BleedaBizzğŸ©¸
meezybleeda,C2YXICNsOlK,13w,0,"""2024-05-15 18:59:18""",Post,Kickin My ğŸ…¿ï¸ Let These Boys Talk In Pillows..ğŸ©¸ğŸª¦ #bleedabizğŸ©¸
realbleeda_,C2YXICNsOlK-comment-2,13w,3,"""2024-05-15 18:59:18""",comment,ğŸ©¸ğŸ–¤
rugerrudy,C2YXICNsOlK-comment-3,13w,2,"""2024-05-15 18:59:18""",comment,ğŸ©¸â¤ï¸
40lidae,C2YXICNsOlK-comment-6,13w,1,"""2024-05-15 18:59:18""",comment,ğŸ…±ï¸ğŸ©¸
teenosatan,C2YXICNsOlK-comment-10,13w,0,"""2024-05-15 18:59:18""",comment,Iâ€™ll risk it all behind yuâ—ï¸ğŸ©¸
meezybleeda,C31Y4E0snv9,8w,0,"""2024-05-15 18:59:18""",Post,Neva Been Scared To Take A RiskğŸŒªï¸ It Cost Money To ğŸ…±ï¸ This Litt.. #bleedabizzğŸ©¸
_54dableeda,C31Y4E0snv9-comment-3,8w,1,"""2024-05-15 18:59:18""",comment,MeezysqueezeitğŸ˜¤ğŸ’œ
40lidae,C31Y4E0snv9-comment-6,8w,1,"""2024-05-15 18:59:18""",comment,ğŸ¤ğŸ¾ğŸ¤ğŸ¾
meezybleeda,C3CMAW6MIbd,9w,0,"""2024-05-15 18:59:18""",Post,#freethemmembersğŸ©¸
iam40glockcyou,C3CMAW6MIbd-comment-3,11w,1,"""2024-05-15 18:59:18""",comment,â¤
40lidae,C3CMAW6MIbd-comment-5,11w,2,"""2024-05-15 18:59:18""",comment,Yk Iâ€™m with youğŸ¤ğŸ¾ğŸ€„ï¸
rugerrudy,C3CMAW6MIbd-comment-6,11w,2,"""2024-05-15 18:59:18""",comment,â¤ï¸ MyğŸ©¸
realbleeda_,C3CMAW6MIbd-comment-12,11w,4,"""2024-05-15 18:59:18""",comment,ğŸ©¸ğŸ–¤
teenosatan,C3CMAW6MIbd-comment-13,11w,1,"""2024-05-15 18:59:18""",comment,ğŸ©¸ğŸ¤ğŸ¾
meezybleeda,C3WTJkTMHg3,10w,0,"""2024-05-15 18:59:18""",Post,Standing Onnat ğŸ©¸bizz #longlivethembleedasğŸ©¸
realbleeda_,C3WTJkTMHg3-comment-3,10w,2,"""2024-05-15 18:59:18""",comment,ğŸ©¸ğŸ–¤
40lidae,C3WTJkTMHg3-comment-6,10w,1,"""2024-05-15 18:59:18""",comment,MyBleedağŸ©¸ğŸ€„ï¸
teenosatan,C3WTJkTMHg3-comment-7,10w,0,"""2024-05-15 18:59:18""",comment,ğŸ©¸
meezybleeda,C3yhJ4fM3lG,8w,0,"""2024-05-15 18:59:18""",Post,#standingonnatbusinessğŸ©¸
rugerrudy,C3yhJ4fM3lG-comment-3,8w,6,"""2024-05-15 18:59:18""",comment,"ğŸ©¸â¤ï¸ ğŸ¤ğŸ¾2 Fly Yo New Name , Dont Say Shit bout me Nomo ğŸ˜­"
meezybleeda,ClehNAGJiuW,47w,0,"""2024-05-15 18:59:18""",Post,10/12 Lucky He Survived Cause He Was Going Out Like ğŸ¤ #ğŸ® em
meezybleeda,Cm2yQ6ZM5Mk,69w,0,"""2024-05-15 18:59:18""",Post,"Iâ€™m In A Different Mind State, Running To The Mâ€™s In A Fast Pace..ğŸ’¯ğŸ‹ #forevercuttieeğŸ¦‹ #restupmybleedazğŸ©¸"
meezybleeda,Cmm_EAoLsm2,69w,0,"""2024-05-15 18:59:18""",Post,"My Struggle Is My Motivation, My Struggle What Keep Me MotivatedğŸ©¸ #forevercuttieeğŸ¦‹ #longlivemybleedasğŸ©¸"
meezybleeda,CnazXmHM9x4,37w,0,"""2024-05-15 18:59:18""",Post,"This Real Sh*t Ainâ€™t On Me Itâ€™s In Me,Real Life ğŸ¥€#BigğŸ©¸leeda #forevercuttieeğŸ¦‹ #restupmybleedasğŸ©¸"
meezybleeda,CnbWl2uIhjP,67w,0,"""2024-05-15 18:59:18""",Post,LiL Freestyle From @po.peezy Song Otw Be Onna Look OutğŸ©¸ğŸ”¥ #forevercuttieeğŸ¦‹ #restupmybleedasğŸ©¸
meezybleeda,Co0v1hsM6Fu,47w,0,"""2024-05-15 18:59:18""",Post,Putting In Work Cuz I Refuse To Be AverageğŸ˜¤ #ForevercuttieeğŸ¦‹#LonglivemybleedasğŸ©¸
realbleeda_,Co0v1hsM6Fu-comment-2,54w,1,"""2024-05-15 18:59:18""",comment,ğŸ©¸ğŸ–¤
meezybleeda,CpImodbJWGT,38w,0,"""2024-05-15 18:59:18""",Post,Bleeda N This Life & The Nextâ¤ï¸ #LonglivemybleedasğŸ©¸ #forevercuttieeğŸ¦‹
realbleeda_,CpImodbJWGT-comment-4,54w,0,"""2024-05-15 18:59:18""",comment,ğŸ©¸â¤ï¸
meezybleeda,CprGFHQMZ2I,38w,0,"""2024-05-15 18:59:18""",Post,"No Matter How Far I Get , Imma Forever Be Ah SpinnerğŸ«¡ #4mybleedasğŸ©¸"
meezybleeda,CrmIWghJ2gG,37w,0,"""2024-05-15 18:59:18""",Post,You Canâ€™t Wear No Rip Shirts If Yo Nigga Killa Ainâ€™t DeadğŸ©¸ğŸ’¥ #LongLiveTeflonWebbğŸ’œğŸ•¸ï¸
meezybleeda,Cs2oY9eshpY,47w,0,"""2024-05-15 18:59:18""",Post,Fuck ğŸ‘®â€â™€ï¸ Tell Them B*tchs Free @po.peezy
meezybleeda,CTa9Fqonx8g,98w,0,"""2024-05-15 18:59:18""",Post,"Them Bleedas To Official, No Referee We Then Blew The WhistleğŸ¦…ğŸ©¸ #BigBleedaâ¤ï¸"
meezybleeda,CVYwKEGl4Rc,131w,0,"""2024-05-15 18:59:18""",Post,"I Might Just Let You Live , To See Me Run This Fucking Paper UpğŸŒª#BigğŸ©¸leeda"
meezybleeda,CwLc4p7RkkE,35w,0,"""2024-05-15 18:59:18""",Post,They Already Kno Iâ€™m 1 Of Them Ones Thatâ€™s Why They Tryna Make It Hard For MeğŸ¤·ğŸ¾ #WebTheBlockğŸ•¸ï¸ğŸ’œ
meezybleeda,CwyfoT0MN9I,33w,0,"""2024-05-15 18:59:18""",Post,2 Much Motion My Neighbors Tired Of Checking Their Ring Cameras..ğŸ’«
meezybleeda,Cx0zEXTRpHo,30w,0,"""2024-05-15 18:59:18""",Post,"Iâ€™m A Hustler if I donâ€™t have it today , omm Iâ€™ll have it figured out by tomorrow..ğŸ’ªğŸ¾â¤ï¸â€ğŸ”¥"
rugerrudy,Cx0zEXTRpHo-comment-2,30w,2,"""2024-05-15 18:59:18""",comment,ğŸ©¸ğŸ–¤
meezybleeda,CxB1lM-swlF,32w,0,"""2024-05-15 18:59:18""",Post,"I Done Ran It Up I Ainâ€™t Going Broke , That Shit Ainâ€™t In My Thoughts..ğŸ©¸â¤ï¸"
meezybleeda,CxCNIMAssc1,32w,0,"""2024-05-15 18:59:18""",Post,Who say they got the city ğŸŒ† turnt i bhett they wonâ€™t say boosie..ğŸ’¯ğŸ‹
meezybleeda,CxR3ftmsfou,32w,0,"""2024-05-15 18:59:18""",Post,"My Life So Litt Rn , I Might Fuck Around & Pull Ah Hannah Montana Round This BxxğŸ¤ğŸ©¸ #FreeMyMembersâ¤ï¸"
meezybleeda,Cy90hJLM5f6,26w,0,"""2024-05-15 18:59:18""",Post,Been Chilling Tryna Stacc My Cash UpğŸ’°Bt You Kno Iâ€™m Still Dat Same yn det be quick to mask upğŸ¥·ğŸ¾ #bleedabizzğŸ©¸
rugerrudy,Cy90hJLM5f6-comment-2,26w,1,"""2024-05-15 18:59:18""",comment,ğŸ©¸â¤ï¸â€ğŸ”¥
realbleeda_,Cy90hJLM5f6-comment-4,25w,2,"""2024-05-15 18:59:18""",comment,ğŸ©¸ğŸ–¤
teenosatan,Cy90hJLM5f6-comment-6,26w,0,"""2024-05-15 18:59:18""",comment,ğŸ’«
meezybleeda,CyrXo5Dr5bm,24w,0,"""2024-05-15 18:59:18""",Post,These Ho*s Be Jumping D*ck 2 D*ck Bt Thatâ€™s Ok Witt MeğŸ©¸ğŸ—£ï¸ #freemymembers
realbleeda_,CyrXo5Dr5bm-comment-3,23w,1,"""2024-05-15 18:59:18""",comment,ğŸ©¸
40lidae,CyrXo5Dr5bm-comment-4,27w,1,"""2024-05-15 18:59:18""",comment,ğŸ«¶ğŸ¾ğŸ«¶ğŸ¾
rugerrudy,CyrXo5Dr5bm-comment-16,27w,0,"""2024-05-15 18:59:18""",comment,ğŸ¤ğŸ¾â¤ï¸â€ğŸ”¥
meezybleeda,CyZgKjxsPUJ,28w,0,"""2024-05-15 18:59:18""",Post,#BleedabizzğŸ©¸
meezybleeda,CjBRxMRpvha,82w,0,"""2024-05-15 18:59:18""",Reel,Free @po.peezy â¤ï¸ğŸ’¯ğŸ‹
realbleeda_,CjBRxMRpvha-comment-23,82w,0,"""2024-05-15 18:59:18""",comment,ğŸ©¸ğŸ–¤
meezybleeda,CnbWl2uIhjP,67w,0,"""2024-05-15 18:59:18""",Reel,LiL Freestyle From @po.peezy Song Otw Be Onna Look OutğŸ©¸ğŸ”¥ #forevercuttieeğŸ¦‹ #restupmybleedasğŸ©¸
1rugerrudy,CnbWl2uIhjP-comment-36,66w,2,"""2024-05-15 18:59:18""",comment,ğŸ”¥ğŸ”¥ğŸ”¥ğŸ©¸ğŸ«¶ğŸ¾
realbleeda_,C06duD_OJ5X,19w,0,"""2024-05-15 18:59:18""",Post,BeadsğŸ§® On My Dreads I Reded The Bluff NowğŸ©¸ğŸ™‚â€¦ #OK #Ğ¯B
teenosatan,C06duD_OJ5X-comment-10,19w,1,"""2024-05-15 18:59:18""",comment,ğŸ–¤ğŸ©¸ğŸ‹
realbleeda_,C1-4nv0siV6,15w,0,"""2024-05-15 18:59:18""",Post,Memory Out The Puddle Official Video Dropping 2Pm Tmmr BRTime #OK #UNITYğŸ¤˜ğŸ¾ #Ğ¯B
meezybleeda,C1-4nv0siV6-comment-4,15w,1,"""2024-05-15 18:59:18""",comment,ğŸ”¥ğŸ”¥ğŸ”¥
realbleeda_,C1cfa_7Ln8o,17w,0,"""2024-05-15 18:59:18""",Post,"Its Hard To Keep Uh Pure Heart
In This Dirty GameğŸ©¸ #Ğ¯B #OK"
rugerrudy,C1cfa_7Ln8o-comment-13,17w,6,"""2024-05-15 18:59:18""",comment,ğŸ©¸ğŸ©¸â¤ï¸
realbleeda_,C1jAlgNM5xt,16w,0,"""2024-05-15 18:59:18""",Post,Cole Blooded ğŸâ€™s Ainâ€™t Red LLFREDğŸ’”N LL Alluh Dem Niggas Say They Want Me DeadğŸª¦#OK #Happy24NoKobe #LLMYFALLENSOULJAS #FREEBRONEM #Ğ¯B #4C&D
meezybleeda,C1jAlgNM5xt-comment-9,16w,0,"""2024-05-15 18:59:18""",comment,â¤ï¸ğŸ”¥
40lidae,C1jAlgNM5xt-comment-12,16w,1,"""2024-05-15 18:59:18""",comment,MyGuyğŸ«¶ğŸ¾
realbleeda_,C1TtqZEuV7b,17w,0,"""2024-05-15 18:59:18""",Post,Blow At Me & We BangN Bx You Must Ainâ€™t C My Shoulder LeanğŸ©¸ğŸ–¤ #ğŸ–•ğŸ¾UHDEAL #OK #Ğ¯B #UNITYğŸ¤˜ğŸ¾
realbleeda_,C22sghgRkbO,12w,0,"""2024-05-15 18:59:18""",Post,Exotic Inventory Official Video Out Now Link In My Bio #Ğ¯B #UnityğŸ¤˜ğŸ¾
rugerrudy,C22sghgRkbO-comment-4,12w,6,"""2024-05-15 18:59:18""",comment,ğŸ©¸ğŸ”¥ğŸ”¥ğŸ”¥
realbleeda_,C2A00yCR_J5,15w,0,"""2024-05-15 18:59:18""",Post,Memory Out Puddle Official Video Out Now Link In Bio #OK #Ğ¯B
realbleeda_,C2gdAFKM4wo,13w,0,"""2024-05-15 18:59:18""",Post,Quick W @babytoke_ Official Video Out Link In Both Our Bio #OK #Ğ¯B
realbleeda_,C2gE6xPxycp,13w,0,"""2024-05-15 18:59:18""",Post,All Lines Not Meant Tuh CrossğŸ©¸ğŸ–¤ #OK #Ğ¯B #UhUnityğŸ¤˜ğŸ¾
meezybleeda,C2gE6xPxycp-comment-3,13w,4,"""2024-05-15 18:59:18""",comment,Them Bleedas SobğŸ©¸
40lidae,C2gE6xPxycp-comment-14,13w,0,"""2024-05-15 18:59:18""",comment,mytwinğŸ©¸
realbleeda_,C2WfnkaMprv,14w,0,"""2024-05-15 18:59:18""",Post,Nigga Say He Fucking With Meh Wtf Yeen Tellem Bx You Lien #OK #Ğ¯B
rugerrudy,C2WfnkaMprv-comment-12,14w,7,"""2024-05-15 18:59:18""",comment,ğŸ©¸â¤ï¸â¤ï¸
realbleeda_,C3tHJpORGq4,9w,0,"""2024-05-15 18:59:18""",Post,We Just Drop That Fuck The Forensics Official Music Video Link My Bio #OK #Ğ¯B
40lidae,C3tHJpORGq4-comment-2,9w,3,"""2024-05-15 18:59:18""",comment,ğŸ¤ğŸ¾ğŸ€„ï¸ğŸ€„ï¸
realbleeda_,C3WKn1QMZ5H,10w,0,"""2024-05-15 18:59:18""",Post,I was post tuh give yall these bxs yesterdayğŸ©¸ #OK #Ğ¯B
meezybleeda,C3WKn1QMZ5H-comment-8,10w,1,"""2024-05-15 18:59:18""",comment,â¤
realbleeda_,C3XXW7Aus5I,10w,0,"""2024-05-15 18:59:18""",Post,"I done got to elite w this shit tag espn,nfl,madden all that shit cause mabe i tell ya #OK #Ğ¯B"
teenosatan,C3XXW7Aus5I-comment-10,10w,6,"""2024-05-15 18:59:18""",comment,Gts li dude ğŸ˜‚ğŸ˜‚
realbleeda_,C4j93UIM421,6w,0,"""2024-05-15 18:59:18""",Post,Pop Ups Crazy Get Crazy ErrtimeğŸ©¸ #OK #Ğ¯B #UNITYğŸ¤˜ğŸ¾
realbleeda_,C4JVmCtx00u,7w,0,"""2024-05-15 18:59:18""",Post,Any Inquiries on Features & Videos Contact ğŸ“(832) 802-4739 Easter Specials ğŸ£Wonâ€™t Last Long #Ğ¯B
realbleeda_,C4l5rSFRuJC,6w,0,"""2024-05-15 18:59:18""",Post,The Game Gone Always Change This Shxt Uh Never Stay The Same â€¦ #OK #Ğ¯B #ğŸ¤˜ğŸ¾
realbleeda_,C4Ovo-0RqFB,7w,0,"""2024-05-15 18:59:18""",Post,Whole Lotta Bleeda ShitğŸ©¸ğŸ–¤ #OK #Ğ¯B
realbleeda_,C4OYcqtRUWx,7w,0,"""2024-05-15 18:59:18""",Post,No One Loves Me.ğŸ’”#OK #TBOU #Ğ¯B
realbleeda_,C4RnXspMvc7,7w,0,"""2024-05-15 18:59:18""",Post,BADDIE OFFICIALS VIDEO OUT NOW FT ME #OK #Ğ¯B
realbleeda_,C4tUeLMRzDb,5w,0,"""2024-05-15 18:59:18""",Post,Yea Im DonDğŸ¤˜ğŸ¾ #OK #Ğ¯B
realbleeda_,C5-flnCOZRt,1w,0,"""2024-05-15 18:59:18""",Post,#Ğ¯B
realbleeda_,C515bk0sh63,1w,0,"""2024-05-15 18:59:18""",Post,Itâ€™s Uh Lotta ğŸ’© Dhat Ainâ€™t Fa Discussing #Ğ¯B
realbleeda_,C56USTvxSLq,1w,0,"""2024-05-15 18:59:18""",Post,Out On Bail Coming Soon #Ğ¯B 5/1/24
realbleeda_,C5o6c63s2WA,2w,0,"""2024-05-15 18:59:18""",Post,Lately Official Video Dropping Tm 2PmğŸ”¥ #Back2Back #OK #Ğ¯B #ğŸ¤˜ğŸ¾
realbleeda_,C5rCXg3RoEi,2w,0,"""2024-05-15 18:59:18""",Post,Lately Out Now Link In Bio #Ğ¯B
realbleeda_,C5tm7QvxVlc,2w,0,"""2024-05-15 18:59:18""",Post,Watch the ClğŸ•›ck Bx #Ğ¯B
realbleeda_,C5ZI8T8R_rV,3w,0,"""2024-05-15 18:59:18""",Post,Only One Official Video Out Now Link In BioğŸ’”ğŸ”¥ #OK #Ğ¯B #ğŸ¤˜ğŸ¾
realbleeda_,C6FkK47MlXQ,5d,0,"""2024-05-15 18:59:18""",Post,INGLOCKITRUSS NO BAP. #Ğ¯B #FREE40 #FREEBRONEM #ğŸ¤˜ğŸ¾nity
realbleeda_,C6KFY_zR8Sn,3d,0,"""2024-05-15 18:59:18""",Post,Coulduh Ca$hed Out On Chanel But I Fla$heâ€™d Out & Got C&D Yk Iâ€™m Missin Cliff&DeeğŸ™‡ğŸ¿â€â™‚ï¸ #Ğ¯B
realbleeda_,C6PYXZgR2YL,1d,0,"""2024-05-15 18:59:18""",Post,Nomo CompanyğŸ“¡ #Ğ¯B
realbleeda_,C1-4nv0siV6,15w,0,"""2024-05-15 18:59:18""",Reel,Memory Out The Puddle Official Video Dropping 2Pm Tmmr BRTime #OK #UNITYğŸ¤˜ğŸ¾ #Ğ¯B
meezybleeda,C1-4nv0siV6-comment-3,15w,1,"""2024-05-15 18:59:18""",comment,ğŸ”¥ğŸ”¥ğŸ”¥
realbleeda_,C22sghgRkbO,12w,0,"""2024-05-15 18:59:18""",Reel,Exotic Inventory Official Video Out Now Link In My Bio #Ğ¯B #UnityğŸ¤˜ğŸ¾
rugerrudy,C22sghgRkbO-comment-5,12w,6,"""2024-05-15 18:59:18""",comment,ğŸ©¸ğŸ”¥ğŸ”¥ğŸ”¥
realbleeda_,C2A00yCR_J5,15w,0,"""2024-05-15 18:59:18""",Reel,Memory Out Puddle Official Video Out Now Link In Bio #OK #Ğ¯B
realbleeda_,C2gdAFKM4wo,13w,0,"""2024-05-15 18:59:18""",Reel,Quick W @babytoke_ Official Video Out Link In Both Our Bio #OK #Ğ¯B
realbleeda_,C3tHJpORGq4,9w,0,"""2024-05-15 18:59:18""",Reel,We Just Drop That Fuck The Forensics Official Music Video Link My Bio #OK #Ğ¯B
40lidae,C3tHJpORGq4-comment-2,9w,3,"""2024-05-15 18:59:18""",comment,ğŸ¤ğŸ¾ğŸ€„ï¸ğŸ€„ï¸
realbleeda_,C3XXW7Aus5I,10w,0,"""2024-05-15 18:59:18""",Reel,"I done got to elite w this shit tag espn,nfl,madden all that shit cause mabe i tell ya #OK #Ğ¯B"
teenosatan,C3XXW7Aus5I-comment-10,10w,6,"""2024-05-15 18:59:18""",comment,Gts li dude ğŸ˜‚ğŸ˜‚
realbleeda_,C4JVmCtx00u,7w,0,"""2024-05-15 18:59:18""",Reel,Any Inquiries on Features & Videos Contact ğŸ“(832) 802-4739 Easter Specials ğŸ£Wonâ€™t Last Long #Ğ¯B
realbleeda_,C4RnXspMvc7,7w,0,"""2024-05-15 18:59:18""",Reel,BADDIE OFFICIALS VIDEO OUT NOW FT ME #OK #Ğ¯B
realbleeda_,C5o6c63s2WA,2w,0,"""2024-05-15 18:59:18""",Reel,Lately Official Video Dropping Tm 2PmğŸ”¥ #Back2Back #OK #Ğ¯B #ğŸ¤˜ğŸ¾
realbleeda_,C5rCXg3RoEi,2w,0,"""2024-05-15 18:59:18""",Reel,Lately Out Now Link In Bio #Ğ¯B
realbleeda_,C5ZI8T8R_rV,3w,0,"""2024-05-15 18:59:18""",Reel,Only One Official Video Out Now Link In BioğŸ’”ğŸ”¥ #OK #Ğ¯B #ğŸ¤˜ğŸ¾
realbleeda_,Cl4lWgSpCd7,72w,0,"""2024-05-15 18:59:18""",Reel,ğŸª¦GravediggerğŸª¦ Out Now On All Platform ft @cobleeda_ Link Bio #Ğ¯B ğŸ©¸ğŸ–¤
realbleeda_,CmK-Y5yon6R,71w,0,"""2024-05-15 18:59:18""",Reel,CHANCES DROP 3pmCT TOMORROW . #Ğ¯BğŸ©¸ PUT ON YA GOGGLES ğŸ¥½ #AudioOutOnAllPlatfoems
realbleeda_,CmM_4f8JpN-,71w,0,"""2024-05-15 18:59:18""",Reel,Chancesâ¤ï¸The Video Official Out Now Link In Bioâ€¦ #Ğ¯B
realbleeda_,CnqGmV7qa5P,66w,0,"""2024-05-15 18:59:18""",Reel,BleedaStoryâ€¦ ğŸ”¥ğŸ”¥or ğŸ’©ğŸ’©#Ğ¯B
realbleeda_,CofQlnqKC7y,63w,0,"""2024-05-15 18:59:18""",Reel,Who want this ?ğŸ¤”ğŸ¤” #Ğ¯B
realbleeda_,Col0wFbIiDn,62w,0,"""2024-05-15 18:59:18""",Reel,I Say Iâ€™m Stepping By Myself I Gotta Lotta LegğŸ¦µğŸ¾ BX #Ğ¯B
realbleeda_,Cop9tdKJ_2H,62w,0,"""2024-05-15 18:59:18""",Reel,Drop 500 Comments ğŸ©¸Ima Drop GTA Rite Na #Ğ¯B
realbleeda_,CoqBv4NpCWk,62w,0,"""2024-05-15 18:59:18""",Reel,Jus GoT A Call I Done Shut These People School Down Ain Try ToğŸ¤·ğŸ¾â€â™‚ï¸Jus Delivering Valentines Day Gifts To The Kids #Ğ¯B
1rugerrudy,CoqBv4NpCWk-comment-6,60w,1,"""2024-05-15 18:59:18""",comment,ğŸ”¥ğŸ”¥ ğŸ˜‚
realbleeda_,Cp01eeXIMg2,58w,0,"""2024-05-15 18:59:18""",Reel,@1rugerrudy DAE TIME FT ME OUT NOW LINK HIS BIO #Ğ¯B
realbleeda_,CpTBO8vJXhx,60w,0,"""2024-05-15 18:59:18""",Reel,Mask On It Donâ€™t Matter Itâ€™s CoronaağŸ˜· #ROME #Ğ¯B
realbleeda_,CpVjrlTpone,60w,0,"""2024-05-15 18:59:18""",Reel,BleedağŸ©¸Story Official Music Video Out Now #BleedaStory #Ğ¯B #onallplateforms
realbleeda_,Cq-33Nhq3Yr,54w,0,"""2024-05-15 18:59:18""",Reel,Freestyle Official Video w/ @webthablock Out Now Link In Bio #Ğ¯B
realbleeda_,CqJNvtypDvf,57w,0,"""2024-05-15 18:59:18""",Reel,4SINNERS THE OFFICIAL VIDEO LIVE NOW ON YOUTUBE LINK IN BIO #Ğ¯B #YEAAA
realbleeda_,CqL0pDqp6aI,57w,0,"""2024-05-15 18:59:18""",Reel,Mane Nigga Ainâ€™t Fw @harleyken_ Sickest Hype Man Aye He Gotta Lotta Legs Fr Check Him Out Tho Iâ€™m Telling Him Ion Kno No Dance He Say You Gotta Do It Nxt Thang Yk Tht Boy Come Thru Hitting That BxğŸ˜‚ğŸ–¤#Ğ¯B #4ESINNERSONALLPLATEFORMS
realbleeda_,CrOnx7Jp41J,53w,0,"""2024-05-15 18:59:18""",Reel,Emotional Creature OUT NOW LINK IN BIOğŸ–¤ğŸ¥€ #Ğ¯B
realbleeda_,CsHku6bpfux,50w,0,"""2024-05-15 18:59:18""",Reel,Emotional Creature Dropping 5/12ğŸ”¥ #Ğ¯B
realbleeda_,CsJh3FCo0lM,50w,0,"""2024-05-15 18:59:18""",Reel,Blame On Me Official Video Dropping Later Today Be On The Look ğŸ©¸#Ğ¯B
realbleeda_,CsKPUrDIauO,50w,0,"""2024-05-15 18:59:18""",Reel,Blame On Me Official Video Out Na Go Fwt Li Daddy #Ğ¯B
realbleeda_,Csl0KIWIUAe,48w,0,"""2024-05-15 18:59:18""",Reel,Free litt N Kuku Check Me Out ThoğŸ˜‚ #Ğ¯B
realbleeda_,CsmXI4jJonQ,48w,0,"""2024-05-15 18:59:18""",Reel,Hi Speed Official Video Drop Out Now Link N My Bioâš¡ï¸ #Ğ¯B
realbleeda_,Ct97x0bpMmX,43w,0,"""2024-05-15 18:59:18""",Reel,I then fell asleep on tht stupid ass drankğŸ˜´but Faithfully Official Video Out Now link in bio #Ğ¯B
realbleeda_,Ctxk-0zIbII,44w,0,"""2024-05-15 18:59:18""",Reel,Coming Soon Be On TheğŸ‘€Out #Ğ¯B
realbleeda_,CuquZ2fomh9,41w,0,"""2024-05-15 18:59:18""",Reel,This A Double ğŸ”Ÿ/ğŸ”Ÿ When ğŸ‘§ğŸ½DreamingğŸ›Œ ğŸ‘§ğŸ½Let Me Know If Im In Dangerâš ï¸Once Agin #OK #Ğ¯B
realbleeda_,CusMSWQpTPq,41w,0,"""2024-05-15 18:59:18""",Reel,All Black Out Now Tap Link In My Bio Tuh Get Close #OK #Ğ¯B
realbleeda_,CvfFD1AIUxj,38w,0,"""2024-05-15 18:59:18""",Reel,Niggas Tender Do Whateva Just 2 Get The CatğŸˆ #OK #Ğ¯B
realbleeda_,CvfPlupoK4C,38w,0,"""2024-05-15 18:59:18""",Reel,Stay Tuned Lean Cup The Official Video Dropping |@2RAQ TIMEğŸ«¥ #OK #Ğ¯B
realbleeda_,CvfpzDzJSG6,38w,0,"""2024-05-15 18:59:18""",Reel,LEAN CUP OUT NOW LINK IN BIO #Ğ¯B
realbleeda_,CwGNwF7K4bY,36w,0,"""2024-05-15 18:59:18""",Reel,Say What You Want The Official Video Out Na Check Link In My Bio #Ok #Ğ¯B
realbleeda_,CwnvNd4I1SS,34w,0,"""2024-05-15 18:59:18""",Reel,Energy Official Video Out Now Link In BioğŸ¤˜ğŸ¾âš¡ï¸#OK #Ğ¯B
realbleeda_,CwnYxa0rE7j,34w,0,"""2024-05-15 18:59:18""",Reel,Energy The Official Video Dropping @2CTâš¡ï¸ #OK #Ğ¯B
realbleeda_,CwshDKNrdG8,34w,0,"""2024-05-15 18:59:18""",Reel,Sat Sept 16th Lafayette La Club Bliss Itâ€™s Uh BLEEDA TAKEOVERğŸ©¸ #OK #Ğ¯B
realbleeda_,CwtlQhuMSJL,34w,0,"""2024-05-15 18:59:18""",Reel,Me N Broo We Similarâ™¾We F*** The Same ğŸ•³â€™S #CriminalMindğŸ§  #OK #Ğ¯B
realbleeda_,CwYEQVRoGZz,35w,0,"""2024-05-15 18:59:18""",Reel,These N**** Talk Bout Dead ğŸ’€ps They Ain Even Got No Dead ğŸ’€ps The Official Video Drop At 2 #OK #Ğ¯B #MOTORS
realbleeda_,CwYWV9Moi4m,35w,0,"""2024-05-15 18:59:18""",Reel,OHH S*** What Young N**** Steppin N 2023 N Leviâ€™s ??? Motors The Official Visual Out Now #OK #Ğ¯B
realbleeda_,Cxydu6QRa-j,30w,0,"""2024-05-15 18:59:18""",Reel,"198 OAK GROVE ROAD TYLERTOWN , Mississippi OCT20 #OK #Ğ¯B"
realbleeda_,CyWm_qfRqaF,28w,0,"""2024-05-15 18:59:18""",Reel,Uhlotta Niggas Get Slump When They Come Home So Rm Errthang #OK #Ğ¯B
rugerrudy,C0HpNbjx8V2,21w,0,"""2024-05-15 18:59:18""",Post,Im Forever Bleeding ğŸ©¸Only My G-Lock Doing the Switching ğŸ’¥ Blrrrdd
rugerrudy,C1034JdsPjP,15w,0,"""2024-05-15 18:59:18""",Post,#SELFEXPLANATORY ğŸ©¸ #OUTNOW ON ALL PLATFORMS 8 TRACKS ğŸ”¥ğŸ”¥ğŸ”¥ LET ME KNOW YALL FAVORITE SONG!! ğŸ’¯ #BleedaBiz #LLDaGuys #FreeDemMembers S/O TOO EVERYBODY WHO WAS PART OF THIS PROJECT ğŸ’ªğŸ¾ğŸ’¯
realbleeda_,C1034JdsPjP-comment-12,15w,8,"""2024-05-15 18:59:18""",comment,ğŸ©¸ğŸ–¤
meezybleeda,C1034JdsPjP-comment-15,15w,1,"""2024-05-15 18:59:18""",comment,ğŸ”¥ğŸ”¥
rugerrudy,C1bexWWOdvN,17w,0,"""2024-05-15 18:59:18""",Post,Before the Money I was Getting Paid in Respect ğŸ’¯ğŸ«¡
realbleeda_,C1bexWWOdvN-comment-4,17w,7,"""2024-05-15 18:59:18""",comment,ğŸ©¸ğŸ–¤
_54dableeda,C1bexWWOdvN-comment-5,17w,2,"""2024-05-15 18:59:18""",comment,Ily ruger â˜¢ï¸ğŸ©¸
rugerrudy,C1k3apsptKR,8w,0,"""2024-05-15 18:59:18""",Post,#RAW OFFICIAL MUSIC VIDEO OUT NOWğŸ”¥ğŸ”¥ğŸ”¥. ON @YOUTUBE MY CHANNEL GO #SUBSCRIBE SHOT BY @hv3visual_ #SELFEXPLANATORY #JAN10 #LLMB #FREEDEMMEMBERS LINK IN MY BIO â€¼ï¸â€¼ï¸
40lidae,C1k3apsptKR-comment-1,16w,1,"""2024-05-15 18:59:18""",comment,RRğŸ€„ï¸
rugerrudy,C1pdzwTJTLd,16w,0,"""2024-05-15 18:59:18""",Post,"Ran Up that Bag You Can Hear It
When i Talk Na Dem Bxs KnowğŸ™…ğŸ½â€â™‚ï¸
They Over With They in My Past ğŸ—£ï¸"
40lidae,C1pdzwTJTLd-comment-1,16w,1,"""2024-05-15 18:59:18""",comment,ğŸ¤ğŸ¾ğŸ¦¾
realbleeda_,C1pdzwTJTLd-comment-2,16w,2,"""2024-05-15 18:59:18""",comment,ğŸ©¸ğŸ–¤
rugerrudy,C1TL8FMs2Ia,17w,0,"""2024-05-15 18:59:18""",Post,Ima Turn Up a lil More dis Time #MerryChristmasğŸ„
realbleeda_,C1TL8FMs2Ia-comment-7,17w,1,"""2024-05-15 18:59:18""",comment,ğŸ©¸ğŸ–¤
rugerrudy,C1VqjmlMYxy,17w,0,"""2024-05-15 18:59:18""",Post,"If P***Â¥ All You Got to Offer
Go Sell it & Bring me the moneyğŸ¤·ğŸ¾â€â™‚ï¸ #LLDaGuyzğŸ’”"
meezybleeda,C1VqjmlMYxy-comment-5,17w,3,"""2024-05-15 18:59:18""",comment,We Standing On ğŸ…±ï¸ig ğŸ…±ï¸usiness
rugerrudy,C2ECACYOOLV,15w,0,"""2024-05-15 18:59:18""",Post,#OCULUSğŸ•³ï¸ ğŸ©¸ X @realbleeda_ #OUTNOW ON MY @YOUTUBE CHANNEL ğŸ’¯ GO #SUBSCRIBE ğŸ¥ SHOT BY @colbylotv_ #SELFEXPLANATORY ON ALL PLATFORM ğŸ”¥
realbleeda_,C2ECACYOOLV-comment-5,15w,7,"""2024-05-15 18:59:18""",comment,!!!
rugerrudy,C2JMIJJOCA_,14w,0,"""2024-05-15 18:59:18""",Post,"I smell niggas haiting , so i ride with a snub nose ğŸª–"
40lidae,C2JMIJJOCA_-comment-8,14w,1,"""2024-05-15 18:59:18""",comment,Love ya brudda ğŸ¤ğŸ¾
rugerrudy,C2ldyB_urKN-comment-1,13w,39,"""2024-05-15 18:59:18""",comment,ğŸ”¥ğŸ©¸
40lidae,C2ldyB_urKN-comment-12,13w,4,"""2024-05-15 18:59:18""",comment,Stop playing mane ğŸ¤ğŸ¾
rugerrudy,C2mGRO5OILG,13w,0,"""2024-05-15 18:59:18""",Post,"Ima Gangster and ah Baller
Baby i Do what I want Too ğŸ¤·ğŸ¾â€â™‚ï¸ #BloodDiamondsğŸ©¸ğŸ’"
meezybleeda,C2mGRO5OILG-comment-8,13w,1,"""2024-05-15 18:59:18""",comment,my ğŸ©¸
rugerrudy,C2qG9MmJpeR,8w,0,"""2024-05-15 18:59:18""",Post,OG told Me Talk Is Cheap So I Put 20 In my Shit ğŸ©¸ğŸ’
iam40glockcyou,C2qG9MmJpeR-comment-1,12w,3,"""2024-05-15 18:59:18""",comment,â¤ï¸
40lidae,C2qG9MmJpeR-comment-4,12w,1,"""2024-05-15 18:59:18""",comment,Forever with youğŸ¤ğŸ¾
realbleeda_,C2qG9MmJpeR-comment-5,12w,5,"""2024-05-15 18:59:18""",comment,ğŸ©¸ğŸ–¤
teenosatan,C2qG9MmJpeR-comment-10,12w,2,"""2024-05-15 18:59:18""",comment,ğŸ©¸ğŸ¤ğŸ¾
meezybleeda,C2qG9MmJpeR-comment-11,12w,1,"""2024-05-15 18:59:18""",comment,Fly ShitğŸ©¸
rugerrudy,C2zwKFRuBxs,12w,0,"""2024-05-15 18:59:18""",Post,DOPE'D UP ğŸ’ŠğŸ¼ğŸµ OFFICIAL MUSIC VIDEO OUT NOW ON MY YOUTUBE CHANNEL #SELFEXPLANATORY #OUTNOW ğŸ¥ @aevisualss_ #LINKINBIO #FreeDemMembers
meezybleeda,C2zwKFRuBxs-comment-2,12w,3,"""2024-05-15 18:59:18""",comment,ğŸ”¥ğŸ”¥
40lidae,C2zwKFRuBxs-comment-5,12w,2,"""2024-05-15 18:59:18""",comment,DoubleRğŸ¤ğŸ¾ğŸ€„ï¸
rugerrudy,C3TirgKpgh_,10w,0,"""2024-05-15 18:59:18""",Post,Lets Goooo ! ğŸ“§ DoubleR1514@yahoo.com
rugerrudy,C3ZBgiAOsFc,10w,0,"""2024-05-15 18:59:18""",Post,"Telling Me Be Careful Disrespect
Knowing i play the Dangerous Wayâš ï¸ğŸ©¸ğŸ€„ï¸"
meezybleeda,C3ZBgiAOsFc-comment-13,10w,1,"""2024-05-15 18:59:18""",comment,â¤
rugerrudy,C4Us_lhOExD,7w,0,"""2024-05-15 18:59:18""",Post,"New Poles OutNow Go Run It Up
Be Home Soon ."
_54dableeda,C4Us_lhOExD-comment-9,7w,4,"""2024-05-15 18:59:18""",comment,Free ruruğŸ©¸ğŸ…±ï¸
rugerrudy,C5uUGYzrPxr,2w,0,"""2024-05-15 18:59:18""",Post,"""44 Barz"" OUTNOW!!
#FreeMe"
_54dableeda,C5uUGYzrPxr-comment-2,1w,1,"""2024-05-15 18:59:18""",comment,ğŸ”¥ğŸ”¥ğŸ”¥ğŸ”¥
rugerrudy,Cq1aVZKJfpT,54w,0,"""2024-05-15 18:59:18""",Post,"She Still Fwm even Tho Im Toxic
She Know i Put sh*+ up & Put that Sh*+ on
She Love how i be Rocking ğŸ’•"
rugerrudy,Cs3RthduWXt,8w,0,"""2024-05-15 18:59:18""",Post,"If i blow with this RapğŸ¤Dem Komma$
Might help me Duck a SentenceğŸ‘¨ğŸ¾â€âš–ï¸ #Fukk12
#TB #OutMyKnoggin
#LongLiveDaGuyz #FreeDemMembers"
rugerrudy,CybcN7HRY9Y,27w,0,"""2024-05-15 18:59:18""",Post,With Dem Members Or By Myself Bx im On Go ğŸ©¸
meezybleeda,CybcN7HRY9Y-comment-7,27w,2,"""2024-05-15 18:59:18""",comment,â¤ï¸ğŸ”¥
realbleeda_,CybcN7HRY9Y-comment-14,27w,3,"""2024-05-15 18:59:18""",comment,ğŸ©¸ğŸ–¤
rugerrudy,CyNEXjLM5ix,28w,0,"""2024-05-15 18:59:18""",Post,ğŸ§Ÿâ€â™‚ï¸ First Day Out Music Video Out Rite Na ğŸ©¸On My YouTube channel #AllFacts #LinkinBio #OutNow #SelfExplanatory #LongLiveMyFallenSouljas #FreeDemMembers
meezybleeda,CyNEXjLM5ix-comment-6,28w,1,"""2024-05-15 18:59:18""",comment,ğŸ”¥â¤ï¸
rugerrudy,CzDDHKaMINU,25w,0,"""2024-05-15 18:59:18""",Post,"Come get Your own view of me
People be Lying Hating & Hurting ğŸ¤¦ğŸ¾â€â™‚ï¸"
meezybleeda,CzDDHKaMINU-comment-2,25w,1,"""2024-05-15 18:59:18""",comment,Ruâ¤ï¸â€ğŸ”¥
realbleeda_,CzDDHKaMINU-comment-10,22w,0,"""2024-05-15 18:59:18""",comment,ğŸ©¸ğŸ–¤
rugerrudy,C1k3apsptKR,8w,0,"""2024-05-15 18:59:18""",Reel,#RAW OFFICIAL MUSIC VIDEO OUT NOWğŸ”¥ğŸ”¥ğŸ”¥. ON @YOUTUBE MY CHANNEL GO #SUBSCRIBE SHOT BY @hv3visual_ #SELFEXPLANATORY #JAN10 #LLMB #FREEDEMMEMBERS LINK IN MY BIO â€¼ï¸â€¼ï¸
40lidae,C1k3apsptKR-comment-1,16w,1,"""2024-05-15 18:59:18""",comment,RRğŸ€„ï¸
rugerrudy,C2ECACYOOLV,15w,0,"""2024-05-15 18:59:18""",Reel,#OCULUSğŸ•³ï¸ ğŸ©¸ X @realbleeda_ #OUTNOW ON MY @YOUTUBE CHANNEL ğŸ’¯ GO #SUBSCRIBE ğŸ¥ SHOT BY @colbylotv_ #SELFEXPLANATORY ON ALL PLATFORM ğŸ”¥
realbleeda_,C2ECACYOOLV-comment-5,15w,7,"""2024-05-15 18:59:18""",comment,!!!
rugerrudy,C2ldyB_urKN-comment-1,13w,39,"""2024-05-15 18:59:18""",comment,ğŸ”¥ğŸ©¸
40lidae,C2ldyB_urKN-comment-13,13w,4,"""2024-05-15 18:59:18""",comment,Stop playing mane ğŸ¤ğŸ¾
rugerrudy,C2zwKFRuBxs,12w,0,"""2024-05-15 18:59:18""",Reel,DOPE'D UP ğŸ’ŠğŸ¼ğŸµ OFFICIAL MUSIC VIDEO OUT NOW ON MY YOUTUBE CHANNEL #SELFEXPLANATORY #OUTNOW ğŸ¥ @aevisualss_ #LINKINBIO #FreeDemMembers
meezybleeda,C2zwKFRuBxs-comment-2,12w,3,"""2024-05-15 18:59:18""",comment,ğŸ”¥ğŸ”¥
40lidae,C2zwKFRuBxs-comment-5,12w,2,"""2024-05-15 18:59:18""",comment,DoubleRğŸ¤ğŸ¾ğŸ€„ï¸
rugerrudy,C4Us_lhOExD,7w,0,"""2024-05-15 18:59:18""",Reel,"New Poles OutNow Go Run It Up
Be Home Soon ."
_54dableeda,C4Us_lhOExD-comment-9,7w,4,"""2024-05-15 18:59:18""",comment,Free ruruğŸ©¸ğŸ…±ï¸
rugerrudy,C5uUGYzrPxr,2w,0,"""2024-05-15 18:59:18""",Reel,"""44 Barz"" OUTNOW!!
#FreeMe"
_54dableeda,C5uUGYzrPxr-comment-2,1w,1,"""2024-05-15 18:59:18""",comment,ğŸ”¥ğŸ”¥ğŸ”¥ğŸ”¥
rugerrudy,Ce0WggYA4Oh,97w,0,"""2024-05-15 18:59:18""",Reel,Message 2 the Streets ( Audio ) Out Now on My YouTube Channel !ğŸ”¥ğŸ”¥ğŸ”¥Go Subscribe !! â¤ï¸â€ğŸ”¥ #LinkinBio
rugerrudy,CfiiiNpg9am,95w,0,"""2024-05-15 18:59:18""",Reel,Get that pick Yo potnah To 1M ğŸ©¸
rugerrudy,CgsXLh_pel3,90w,0,"""2024-05-15 18:59:18""",Reel,My bruddas died i cried an cried shyt caught me by surpriseğŸ’” #DeletingIn30Mins
rugerrudy,Cguy2XTpwds,90w,0,"""2024-05-15 18:59:18""",Reel,117k & Counting ğŸ¤£ğŸ¤£ğŸ¸
rugerrudy,ChtNXZMgpP2,87w,0,"""2024-05-15 18:59:18""",Reel,ğŸ§Ÿâ€â™‚ï¸ğŸ©¸ Bite The Dust Official Music Video ğŸ”¥ #OUTNOW Shot by ğŸ¥@tmb_productions ğŸ’¯ ğŸš @neilondatrack #LINKINBIO #LLMB
rugerrudy,Ci5pDEcJduq,83w,0,"""2024-05-15 18:59:18""",Reel,F**K A NI**A & A NI**A WHOLE ADMINISTRATION ğŸ–•ğŸ¾ CITY RED ğŸ©¸OFFICIAL MUSIC VIDEO #OUTNOW ON MY CHANNEL #SUBSCRIBE ğŸ¥ @aevisualss_ ğŸ›ï¸ @camchords #LINKINBIO
rugerrudy,CjsE0YiAUzQ,80w,0,"""2024-05-15 18:59:18""",Reel,#Str8HatsğŸ© #Str8HatsChallangeğŸ”¥
rugerrudy,CrhW3BuglWX,52w,0,"""2024-05-15 18:59:18""",Reel,FOREVER SLIDIN ğŸŒªï¸ğŸ’¥ OFFICIAL MUSIC VIDEOğŸ”¥ #OUTNOW LINK IN MY BIO SHOT BY @coreyg.mov ğŸ’¯ RUGER 5.7 ON ALL PLATFORMS #FreeDemMembers #LongLiveDaGuys ğŸ©¸ .. ğŸ›ï¸ @camchords #HLRMIX
rugerrudy,CyNEXjLM5ix,28w,0,"""2024-05-15 18:59:18""",Reel,ğŸ§Ÿâ€â™‚ï¸ First Day Out Music Video Out Rite Na ğŸ©¸On My YouTube channel #AllFacts #LinkinBio #OutNow #SelfExplanatory #LongLiveMyFallenSouljas #FreeDemMembers
meezybleeda,CyNEXjLM5ix-comment-5,28w,1,"""2024-05-15 18:59:18""",comment,ğŸ”¥â¤ï¸
rugerrudy,CYNOmJEN8qQ,121w,0,"""2024-05-15 18:59:18""",Reel,If You Love Me Send a Dropâ€New Music otw ğŸ˜®â€ğŸ’¨ğŸ”¥ğŸ”¥â˜¢ï¸ #LLG #HAPPYNEWYEARS
rugerrudy,CYNOmJEN8qQ-comment-8,120w,0,"""2024-05-15 18:59:18""",comment,Video otw i Been Jugging too BadğŸ˜¤
teenosatan,C1Qve9vu6tZ,16w,0,"""2024-05-15 18:59:18""",Post,These Niggas Planes We Helicopters They donâ€™t Neva SpinğŸ©¸ğŸšï¸BleedaBizz #1514 #1819
teenosatan,C1TX3zUu__G,16w,0,"""2024-05-15 18:59:18""",Post,They Say We Ainâ€™t Spinnin Bx You Kno Em BleedazğŸ©¸Step On ğŸª¦Stone BleedaBizzğŸ©¸#1514 #1819
teenosatan,C2GmfiiOIeZ,14w,0,"""2024-05-15 18:59:18""",Post,"Check My Jacket Too Official He Gt ğŸ’° On His Head That He B Duckin Em ğŸ¥·â€™sğŸ©¸ğŸšï¸Ğ¯B #1514
#1819"
meezybleeda,C2YAC_HuAmo-comment-8,13w,9,"""2024-05-15 18:59:18""",comment,50 Bands Up Who Gone Tell Me SumğŸ¤·ğŸ¾â€â™‚ï¸ğŸ©¸
teenosatan,C2YAC_HuAmo-comment-17,13w,15,"""2024-05-15 18:59:18""",comment,ğŸ©¸
_54dableeda,C2YAC_HuAmo-comment-23,13w,1,"""2024-05-15 18:59:18""",comment,ğŸ”¥ğŸ”¥ğŸ”¥ğŸ”¥ğŸ”¥
teenosatan,C3dqoDygCnw,10w,0,"""2024-05-15 18:59:18""",Post,When yall want us to drop ?ğŸ€„ï¸
realbleeda_,C3dqoDygCnw-comment-3,10w,10,"""2024-05-15 18:59:18""",comment,thats uh bleeda situation ğŸ©¸
iam40glockcyou,C3dqoDygCnw-comment-14,10w,2,"""2024-05-15 18:59:18""",comment,ğŸ”¥ğŸ”¥ğŸ”¥
rugerrudy,C3dqoDygCnw-comment-17,10w,1,"""2024-05-15 18:59:18""",comment,ğŸ”¥ğŸ”¥ğŸ©¸
40lidae,C3dqoDygCnw-comment-24,10w,1,"""2024-05-15 18:59:18""",comment,MyGuysğŸ¤ğŸ¾ğŸ€„ï¸ğŸ©¸
meezybleeda,C3dqoDygCnw-comment-42,10w,1,"""2024-05-15 18:59:18""",comment,BloodyğŸ©¸
realbleeda_,C3dqoDygCnw-comment-70,10w,2,"""2024-05-15 18:59:18""",comment,ğŸ”¥ğŸ–¤
welov3realbleeda,C3dqoDygCnw-comment-90,10w,2,"""2024-05-15 18:59:18""",comment,Rn
_54dableeda,C3dqoDygCnw-comment-95,10w,1,"""2024-05-15 18:59:18""",comment,ğŸ”¥ğŸ”¥ğŸ”¥ğŸ”¥
teenosatan,C3tNojxOCr8,9w,0,"""2024-05-15 18:59:18""",Post,We Just Drop That Fuck The Forensics Official Music Video Link My Bio #Ğ¯B #explore
realbleeda_,C3tNojxOCr8-comment-14,5w,0,"""2024-05-15 18:59:18""",comment,â¤
teenosatan,C3YRXcKOC2U,10w,0,"""2024-05-15 18:59:18""",Post,Collet ya Head Den collet My Bread Nigga Dat A One n Done ğŸ©¸ğŸ€„ï¸#1514161819ğŸ€„ï¸
meezybleeda,C2YAC_HuAmo-comment-8,13w,9,"""2024-05-15 18:59:18""",comment,50 Bands Up Who Gone Tell Me SumğŸ¤·ğŸ¾â€â™‚ï¸ğŸ©¸
teenosatan,C2YAC_HuAmo-comment-16,13w,15,"""2024-05-15 18:59:18""",comment,ğŸ©¸
_54dableeda,C2YAC_HuAmo-comment-23,13w,1,"""2024-05-15 18:59:18""",comment,ğŸ”¥ğŸ”¥ğŸ”¥ğŸ”¥ğŸ”¥
teenosatan,C3dqoDygCnw,10w,0,"""2024-05-15 18:59:18""",Reel,When yall want us to drop ?ğŸ€„ï¸
realbleeda_,C3dqoDygCnw-comment-3,10w,10,"""2024-05-15 18:59:18""",comment,thats uh bleeda situation ğŸ©¸
iam40glockcyou,C3dqoDygCnw-comment-15,10w,2,"""2024-05-15 18:59:18""",comment,ğŸ”¥ğŸ”¥ğŸ”¥
rugerrudy,C3dqoDygCnw-comment-18,10w,1,"""2024-05-15 18:59:18""",comment,ğŸ”¥ğŸ”¥ğŸ©¸
40lidae,C3dqoDygCnw-comment-25,10w,1,"""2024-05-15 18:59:18""",comment,MyGuysğŸ¤ğŸ¾ğŸ€„ï¸ğŸ©¸
meezybleeda,C3dqoDygCnw-comment-42,10w,1,"""2024-05-15 18:59:18""",comment,BloodyğŸ©¸
realbleeda_,C3dqoDygCnw-comment-70,10w,2,"""2024-05-15 18:59:18""",comment,ğŸ”¥ğŸ–¤
welov3realbleeda,C3dqoDygCnw-comment-90,10w,2,"""2024-05-15 18:59:18""",comment,Rn
_54dableeda,C3dqoDygCnw-comment-95,10w,1,"""2024-05-15 18:59:18""",comment,ğŸ”¥ğŸ”¥ğŸ”¥ğŸ”¥
teenosatan,C3tNojxOCr8,9w,0,"""2024-05-15 18:59:18""",Reel,We Just Drop That Fuck The Forensics Official Music Video Link My Bio #Ğ¯B #explore
realbleeda_,C3tNojxOCr8-comment-14,5w,0,"""2024-05-15 18:59:18""",comment,â¤
welov3realbleeda,C26PpXCsqtA,12w,0,"""2024-05-15 18:59:18""",Post,DAE finally hit ğŸ’¯k #Ğ¯B #realbleeda #weloverealbleeda #15141819ğŸ’” #llhk
welov3realbleeda,C5-vzLRuNH_,1w,0,"""2024-05-15 18:59:18""",Post,Realbleeda heâ€™ll creep up and leave you dead alll them niggas dying on they side like itâ€™s a plague ğŸ©¸ğŸ’¯ â€œ. #Ê€á´‡á´€ÊŸÊ™ÊŸá´‡á´‡á´…á´€ #realbleeda #realbleedamusic #weloverealbleeda #Ê€á´‡á´€ÊŸÊ™ÊŸá´‡á´‡á´…á´€ #realbleedağŸŒªï¸ #wlrb #15141819ğŸ’”
welov3realbleeda,C50wYj5LoYW,2w,0,"""2024-05-15 18:59:18""",Post,Out now link in bio
welov3realbleeda,C51W0CCR6gx,1w,0,"""2024-05-15 18:59:18""",Post,Criminal minds music video otw ğŸ”¥ğŸ©¸#wlrb #Ê€á´‡á´€ÊŸÊ™ÊŸá´‡á´‡á´…á´€ #realbleeda #realbleedamusic
welov3realbleeda,C53jZHtL5hz,1w,0,"""2024-05-15 18:59:18""",Post,Gamblin with My Life takin chances ğŸ’¯ğŸ©¸#Ê€á´‡á´€ÊŸÊ™ÊŸá´‡á´‡á´…á´€ #wlrbğŸ©¸#realbleeda #weloverealbleeda
welov3realbleeda,C55s_Z9LOuQ,1w,0,"""2024-05-15 18:59:18""",Post,ğŸ˜‚ğŸ˜‚ğŸ˜‚ #Ê€á´‡á´€ÊŸÊ™ÊŸá´‡á´‡á´…á´€ #realbleeda #wlrbğŸ©¸ #weloverealbleeda #15141819ğŸ’”
welov3realbleeda,C56XQBkx0c4,1w,0,"""2024-05-15 18:59:18""",Post,Out on bail 5/1/24 #Ê€á´‡á´€ÊŸÊ™ÊŸá´‡á´‡á´…á´€ #wlrbğŸ©¸ #realbleeda #realbleedamusic #15141819ğŸ’” #Ğ¯BğŸ©¸
welov3realbleeda,C56YhiVR56r,1w,0,"""2024-05-15 18:59:18""",Post,"LLweb ğŸ’œğŸ©¸#Ê€á´‡á´€ÊŸÊ™ÊŸá´‡á´‡á´…á´€ #wlrb #realbleedamusic
#realbleeda"
welov3realbleeda,C56ZONvRyyR,1w,0,"""2024-05-15 18:59:18""",Post,Yâ€™all fw this ğŸ”¥ğŸ#Ê€á´‡á´€ÊŸÊ™ÊŸá´‡á´‡á´…á´€ #realbleeda #wlrbğŸ©¸ #Ğ¯B #realbleedamusic
welov3realbleeda,C59Eelvx2RU,1w,0,"""2024-05-15 18:59:18""",Post,Criminal minds out now #wlrbğŸ©¸ #realbleeda #Ê€á´‡á´€ÊŸÊ™ÊŸá´‡á´‡á´…á´€ #15141819ğŸ’”
welov3realbleeda,C5ac2vAOfFg,3w,0,"""2024-05-15 18:59:18""",Post,Only one out now #Ê€á´‡á´€ÊŸÊ™ÊŸá´‡á´‡á´…á´€ #realbleedamusic #realbleedağŸ©¸âš°ï¸ #wlrbğŸ©¸ #realbleedağŸ…±ï¸
welov3realbleeda,C5av15Judre,3w,0,"""2024-05-15 18:59:18""",Post,Thanks ğŸ©¸#wlrb #weloverealbleeda #Ê€á´‡á´€ÊŸÊ™ÊŸá´‡á´‡á´…á´€
welov3realbleeda,C5bRWugLaqa,3w,0,"""2024-05-15 18:59:18""",Post,LL @jaydayoungan ğŸ•Šï¸ğŸ©¸#weloverealbleedaedit
welov3realbleeda,C5dPJ-WOUrJ,3w,0,"""2024-05-15 18:59:18""",Post,@realbleeda_ Iâ€™m not trying to get paid Lmaoo #wlrb
welov3realbleeda,C5dYaiNOGLL,3w,0,"""2024-05-15 18:59:18""",Post,Donâ€™t put another fuxkin body on the same gun in a hottie with my bleedas on yo side finna stain oneğŸ©¸ğŸ¤«#wlrb #Ê€á´‡á´€ÊŸÊ™ÊŸá´‡á´‡á´…á´€ğŸ©¸ #realbleedamusic #realbleedağŸ…±ï¸ #llbleedağŸ’” #riptobleedamom
welov3realbleeda,C5e56hiMmOe,3w,0,"""2024-05-15 18:59:18""",Post,We family we all one ğŸ˜‚ #Ê€á´‡á´€ÊŸÊ™ÊŸá´‡á´‡á´…á´€ #wlrb #realbleedasğŸ©¸ #weloverealbleeda #15141819ğŸ’”
welov3realbleeda,C5gL9TiLdew,3w,0,"""2024-05-15 18:59:18""",Post,Real soul survivor get on the stand right now my right hand and lie to you honor ğŸ’¯ğŸ©¸#realbleedamusic #wlrb #Ê€á´‡á´€ÊŸÊ™ÊŸá´‡á´‡á´…á´€ #truebleeda #llbleedağŸ’”
welov3realbleeda,C5i307zLkO8,2w,0,"""2024-05-15 18:59:18""",Post,Watch the whole video ğŸ˜‚ğŸ˜‚#realbleeda #wlrbğŸ©¸ #weloverealbleeda #realbleedamusic #ğŸš«ğŸ¦…
welov3realbleeda,C5iezHzLw6B,3w,0,"""2024-05-15 18:59:18""",Post,And I come back if he alive I want that ğŸ±in the sky we bend every block with a fully and choppas come fa the pick shi out ğŸ©¸ğŸ©¸ğŸ”¥#Ê€á´‡á´€ÊŸÊ™ÊŸá´‡á´‡á´…á´€ #wlrbğŸ©¸ #realbleedamusic #15141819ğŸ’” #weloverealbleeda
welov3realbleeda,C5kFsVMMT0Z,2w,0,"""2024-05-15 18:59:18""",Post,Out now link in bio #weloverealbleeda2 #wlrbğŸ©¸ #realbleedamusic #unreleasedrealbleeda
welov3realbleeda,C5lVbhvL91C,2w,0,"""2024-05-15 18:59:18""",Post,Bleeda jackson ğŸ©¸ğŸ˜‚#Ê€á´‡á´€ÊŸÊ™ÊŸá´‡á´‡á´…á´€ #realbleedamusic#weloverealbleeda #wlrbğŸ©¸
welov3realbleeda,C5mIO-txGGu,2w,0,"""2024-05-15 18:59:18""",Post,LLwebğŸ’œ#Ê€á´‡á´€ÊŸÊ™ÊŸá´‡á´‡á´…á´€ #realbleedasğŸ©¸ #realbleedamusic #wlrbğŸ©¸ #weloverealbleeda
welov3realbleeda,C5n-_P8rNEo,2w,0,"""2024-05-15 18:59:18""",Post,HğŸ…±ï¸d @meezybleeda #wlrbğŸ©¸ #weloverealbleeda #Ê€á´‡á´€ÊŸÊ™ÊŸá´‡á´‡á´…á´€ #realbleedasğŸ©¸
welov3realbleeda,C5N3QgFOBCK,4w,0,"""2024-05-15 18:59:18""",Post,Real rap ğŸ’¯ğŸ˜‚ #realbleedağŸ¶ğŸ¶ #realbleedağŸŒªï¸ #realbleedağŸ…±ï¸ #Ê€á´‡á´€ÊŸÊ™ÊŸá´‡á´‡á´…á´€ #weloverealbleeda #15141819ğŸ’”
welov3realbleeda,C5nA6z4MbsF,2w,0,"""2024-05-15 18:59:18""",Post,Ğ¯B heâ€™ll creep up and Leave you dead #wlrbğŸ©¸ #weloverealbleeda #Ê€á´‡á´€ÊŸÊ™ÊŸá´‡á´‡á´…á´€ #weloverealbleedaedit
welov3realbleeda,C5nA6z4MbsF-comment-2,2w,2,"""2024-05-15 18:59:18""",comment,@tjayy4x itâ€™s unreleased
welov3realbleeda,C5nA6z4MbsF-comment-4,2w,0,"""2024-05-15 18:59:18""",comment,@wick6kk I copy and paste it frm his page
welov3realbleeda,C5NfAVKOCK1,4w,0,"""2024-05-15 18:59:18""",Post,"Ğ¯BğŸ©¸ #Ê€á´‡á´€ÊŸÊ™ÊŸá´‡á´‡á´…á´€ #weloverealbleeda #realbleedağŸŒªï¸
#realbleedağŸ¶ğŸ¶ #realbleedaunreleased #15141819ğŸ’”"
welov3realbleeda,C5NfAVKOCK1-comment-3,4w,0,"""2024-05-15 18:59:18""",comment,@dbmeezy_ you ainâ€™t dm me
welov3realbleeda,C5o8wNZMJCA,2w,0,"""2024-05-15 18:59:18""",Post,Lately dropping tmr #wlrbğŸ©¸ #Ê€á´‡á´€ÊŸÊ™ÊŸá´‡á´‡á´…á´€ #weloverealbleeda
welov3realbleeda,C5PfwFwMvL1,4w,0,"""2024-05-15 18:59:18""",Post,ğŸ˜‚ğŸ˜‚ğŸ˜‚ #weloverealbleedaedit #realbleedağŸ¶ğŸ¶ #realbleedağŸŒªï¸ #realbleedağŸ…±ï¸ #Ê€á´‡á´€ÊŸÊ™ÊŸá´‡á´‡á´…á´€ #realbleedaunreleased
welov3realbleeda,C5PfwFwMvL1-comment-2,4w,1,"""2024-05-15 18:59:18""",comment,@kr_2offical truebleeda
welov3realbleeda,C5QgRDbroCW,4w,0,"""2024-05-15 18:59:18""",Post,Look at dae head lmaoo ğŸ˜‚ğŸ˜‚ #realbleedağŸ¶ğŸ¶ #realbleedağŸŒªï¸ #realbleedaunreleased #Ê€á´‡á´€ÊŸÊ™ÊŸá´‡á´‡á´…á´€ #welovrealbleeda
welov3realbleeda,C5QndWhrjsR,4w,0,"""2024-05-15 18:59:18""",Post,4 inch came with that brrrr ğŸ’¥ğŸ¤«#realbleedağŸ¶ğŸ¶ #realbleedağŸŒªï¸ #realbleedağŸ…±ï¸ #realbleedaunreleased #Ê€á´‡á´€ÊŸÊ™ÊŸá´‡á´‡á´…á´€ #weloverealbleedaedit
welov3realbleeda,C5rCsGExHsT,2w,0,"""2024-05-15 18:59:18""",Post,Lately out now link in bio #wlrb #Ê€á´‡á´€ÊŸÊ™ÊŸá´‡á´‡á´…á´€
welov3realbleeda,C5rqpElMp3-,2w,0,"""2024-05-15 18:59:18""",Post,Laid up with two bxs in the room 54 tryna shine ğŸ©¸ğŸ’œ #Ê€á´‡á´€ÊŸÊ™ÊŸá´‡á´‡á´…á´€ #wlrb #15141819ğŸ’” #llbopğŸ’”
welov3realbleeda,C5rRnJkxZfx,2w,0,"""2024-05-15 18:59:18""",Post,Rest in peace ğŸ•Šï¸ğŸ©¸ #llbopğŸ’” #wlrb #Ê€á´‡á´€ÊŸÊ™ÊŸá´‡á´‡á´…á´€
welov3realbleeda,C5sP9eQO2FY,2w,0,"""2024-05-15 18:59:18""",Post,Take this switch from off me and then put this bx up on you ğŸ©¸ğŸ’¯#wlrb #realbleedamusic #Ê€á´‡á´€ÊŸÊ™ÊŸá´‡á´‡á´…á´€ #weloverealbleedaedit #lldembleedas #freedembleedasğŸ©¸
welov3realbleeda,C5syXrWOXVP,2w,0,"""2024-05-15 18:59:18""",Post,ğŸ”¥ğŸ”¥ğŸ”¥ğŸ©¸#realbleedasnippet #realbleeda #wlrb #weloverealbleeda
welov3realbleeda,C5Sz6bnOey_,3w,0,"""2024-05-15 18:59:18""",Post,â€œDat dead ahh boaâ€ ğŸ˜‚ğŸ˜‚ğŸ˜‚ #realbleedasğŸ©¸ #realbleda #weloverealbleeda #realbleedasnippet #realbleedamusic
welov3realbleeda,C5TC7Fkr9SB,3w,0,"""2024-05-15 18:59:18""",Post,I be on sum creature Shi walk down and delete a bx ğŸ’¯ğŸ¤«#realbleedamusic #Ê€á´‡á´€ÊŸÊ™ÊŸá´‡á´‡á´…á´€ #realbleedasnippet #realbleedatypebeat #weloverealbleeda
welov3realbleeda,C5vILnMuF-D,2w,0,"""2024-05-15 18:59:18""",Post,Dats my dog nigga fck it thatâ€™s my beethoven bust his fuckin head leave his face open ğŸ’¯ğŸ©¸ #wlrb #Ê€á´‡á´€ÊŸÊ™ÊŸá´‡á´‡á´…á´€ #weloverealbleeda #realbleedamusic
welov3realbleeda,C5x4y_MuNVm,2w,0,"""2024-05-15 18:59:18""",Post,You can ride fa the other side do it if u want to take this switch frm off me then put this bx up on ğŸ«µğŸ¾ #Ê€á´‡á´€ÊŸÊ™ÊŸá´‡á´‡á´…á´€ #realbleeda #wlrbğŸ©¸ #weloverealbleeda
welov3realbleeda,C5XMvGQMIPz,3w,0,"""2024-05-15 18:59:18""",Post,ğŸ˜‚ğŸ˜‚ğŸ˜‚#realbleedasğŸ©¸ #Ê€á´‡á´€ÊŸÊ™ÊŸá´‡á´‡á´…á´€ #weloverealbleeda #wlrb #lltruebleedaâ¤ï¸ğŸ’¯ #15141819ğŸ’”
welov3realbleeda,C5yA6k_LrxX,2w,0,"""2024-05-15 18:59:18""",Post,RealğŸ’¯#ll23ğŸ•Š #wlrbğŸ©¸#Ê€á´‡á´€ÊŸÊ™ÊŸá´‡á´‡á´…á´€ #jaydayoungan #15141819ğŸ’” #forever23ğŸ’™
welov3realbleeda,C5YEU5KuuBr,3w,0,"""2024-05-15 18:59:18""",Post,#Ê€á´‡á´€ÊŸÊ™ÊŸá´‡á´‡á´…á´€ #Ğ¯B #OK #Weloverealbleeda #wlrbğŸ©¸ #15141819ğŸ’”
welov3realbleeda,C5YhKomLWMv,3w,0,"""2024-05-15 18:59:18""",Post,He gon dead once we run out with that fye me and co co ğŸ©¸#realbleedağŸ©¸âš°ï¸ #Ê€á´‡á´€ÊŸÊ™ÊŸá´‡á´‡á´…á´€ #realbleedağŸ…±ï¸ #realbleedasnippet #wlrbğŸ©¸ #weloverealbleeda
welov3realbleeda,C5YhKomLWMv-comment-2,2w,0,"""2024-05-15 18:59:18""",comment,@paidbygod no
welov3realbleeda,C5yl3kWr_R1,2w,0,"""2024-05-15 18:59:18""",Post,#wlrbğŸ©¸ #weloverealbleeda #Ê€á´‡á´€ÊŸÊ™ÊŸá´‡á´‡á´…á´€ #realbleedağŸŒªï¸
welov3realbleeda,C5ZAg7Fxgur,3w,0,"""2024-05-15 18:59:18""",Post,Out Na on @realbleeda_ channel ğŸ”¥ğŸ”¥ #realbleedamusic #realbleeda #wlrbğŸ©¸ #realbleedatypebeat #weloverealbleeda
welov3realbleeda,C5ZOmYjxPZ3,3w,0,"""2024-05-15 18:59:18""",Post,Life flashed before my ğŸ‘€still remember my mama face before she left my sideğŸ˜¢ğŸ©¸#Ê€á´‡á´€ÊŸÊ™ÊŸá´‡á´‡á´…á´€ #realbleedamusic #wlrbğŸ©¸ #weloverealbleeda #15141819ğŸ’”
welov3realbleeda,C6FrUDcMqh_,1w,0,"""2024-05-15 18:59:18""",Post,Out on bail coming soon (5-1-24 )ğŸ©¸ğŸ”¥#Ğ¯B #wlrbğŸ©¸ #realbleeda #weloverealbleeda #15141819ğŸ©¸
welov3realbleeda,C6GbLUJuW2w,1w,0,"""2024-05-15 18:59:18""",Post,Out now link in bio #wlrbğŸ©¸ #weloverealbleeda2 #Ê€á´‡á´€ÊŸÊ™ÊŸá´‡á´‡á´…á´€
welov3realbleeda,C6GdS8NOBEM,1w,0,"""2024-05-15 18:59:18""",Post,If you feel like he a rat if you feel they tryna jack treat the bx like a MacBook leave that ğŸ± nigga flat ğŸ©¸#Ê€á´‡á´€ÊŸÊ™ÊŸá´‡á´‡á´…á´€ #realbleeda #wlrb #weloverealbleeda #604gsbleedasğŸ€„ï¸ #free40 #freemeezy #freeteeno
welov3realbleeda,C6GOSAxO8um,1w,0,"""2024-05-15 18:59:18""",Post,Same one that you love they a cross you ğŸ’” #lltruebleeda #wlrbğŸ©¸ #weloverealbleedaedit #15141819ğŸ’” #Ê€á´‡á´€ÊŸÊ™ÊŸá´‡á´‡á´…á´€
welov3realbleeda,C6JrsQCL_Iu,6d,0,"""2024-05-15 18:59:18""",Post,#realbleedaunreleased #realbleedasnippet #realbleeda #wlrbğŸ©¸ #weloverealbleeda
welov3realbleeda,C6K0KdbMFwf,5d,0,"""2024-05-15 18:59:18""",Post,Get in the way and watch you d!e fck how a ğŸ¥·ğŸ¾ feel #realbleedaunreleased #wlrbğŸ©¸ #Ê€á´‡á´€ÊŸÊ™ÊŸá´‡á´‡á´…á´€ #realbleeda #15141819ğŸ’”
welov3realbleeda,C6KIli3xvT_,5d,0,"""2024-05-15 18:59:18""",Post,Coulduh Ca$hed Out On Chanel But I Fla$heâ€™d Out & Got C&D Yk Iâ€™m Missin Cliff&DeeğŸ™‡ğŸ¿â€â™‚ï¸ #Ğ¯B #wlrbğŸ©¸ #Ê€á´‡á´€ÊŸÊ™ÊŸá´‡á´‡á´…á´€
welov3realbleeda,C6M-xDmso2C,4d,0,"""2024-05-15 18:59:18""",Post,What you say bleeda bx ? ğŸ§ğŸ¾â€â™‚ï¸ğŸ©¸ #realbleedasnippet #wlrb #realbleedamusic #realbleeda
welov3realbleeda,C6Pp4J_M0NM,3d,0,"""2024-05-15 18:59:18""",Post,its Gon Be Okay ğŸ©¸ğŸ”¥ #realbleeda #Ê€á´‡á´€ÊŸÊ™ÊŸá´‡á´‡á´…á´€ #wlrb #realbleedağŸŒªï¸ #weloverealbleeda #llbleedaandclifâ¤ï¸â€ğŸ©¹
welov3realbleeda,C6QlzY0uqDE,3d,0,"""2024-05-15 18:59:18""",Post,Full live on my yt channel link in bio #wlrbğŸ©¸ #realbleeda #weloverealbleeda2
welov3realbleeda,C6RQJR3LToN,3d,0,"""2024-05-15 18:59:18""",Post,How you wan do it Whatchu wan do ? ğŸ§ğŸ¾â€â™‚ï¸ #wlrb #Ê€á´‡á´€ÊŸÊ™ÊŸá´‡á´‡á´…á´€ #realbleedağŸ©¸ #realbleedasnippet
welov3realbleeda,C6Us-PbM2fA,1d,0,"""2024-05-15 18:59:18""",Post,ğŸ©¸ğŸ©¸ğŸ”¥ #wlrb #realbleeda #weloverealbleeda #15141819ğŸ’”
welov3realbleeda,C6V9h29L_Uz,1d,0,"""2024-05-15 18:59:18""",Post,dae you promoting violence tell me what I ainâ€™t know #realbleedağŸ©¸ #wlrb #15141819ğŸ’”
welov3realbleeda,C6WBPGgrcTH,1d,0,"""2024-05-15 18:59:18""",Post,"Whole lotta wayyyy shii #llbleedağŸ’” #15141819ğŸ’”
#wlrb #Ê€á´‡á´€ÊŸÊ™ÊŸá´‡á´‡á´…á´€ #truebleeda"
welov3realbleeda,C6WfYuELLsE,1d,0,"""2024-05-15 18:59:18""",Post,HğŸ…±ï¸D @iam40glockcyou free u #4gsğŸ’œ #realbleeda #wlrb #15141819ğŸ’” #llbleedaandclifâ¤ï¸â€ğŸ©¹
welov3realbleeda,C6XV9kaslTy,18h,0,"""2024-05-15 18:59:18""",Post,Itâ€™s gon be okay out out now #realbleeda #wlrb #15141819ğŸ’” #realbleedamusic
welov3realbleeda,C6XV9kaslTy-comment-2,17h,1,"""2024-05-15 18:59:18""",comment,@heyyy30_ donâ€™t worry the album drops in 2 days
welov3realbleeda,C6YtB1ArPMd,5h,0,"""2024-05-15 18:59:18""",Post,DAE hit 50k subscribers ğŸ©¸ğŸ©¸ğŸ©¸ğŸğŸğŸ #wlrb #realbleedamusic #Ê€á´‡á´€ÊŸÊ™ÊŸá´‡á´‡á´…á´€ #15141819ğŸ’”
welov3realbleeda,C6YyySNLeG5,4h,0,"""2024-05-15 18:59:18""",Post,Big Ahh Flawless Diamonds Shining Dem Bxs chunkiee ğŸ’ğŸ©¸ #wlrb #Ê€á´‡á´€ÊŸÊ™ÊŸá´‡á´‡á´…á´€ #weloverealbleeda #Ê€á´‡á´€ÊŸÊ™ÊŸá´‡á´‡á´…á´€ğŸ©¸ #15141819ğŸ’”
welov3realbleeda,C20rC84RjWy,12w,0,"""2024-05-15 18:59:18""",Reel,ğŸ©¸ğŸ©¸ğŸ”¥ #Ğ¯B #bleedagang #llbleeda #llcliffğŸ’” #1514 #weloverealbleeda
welov3realbleeda,C22Qh7Hrny_,12w,0,"""2024-05-15 18:59:18""",Reel,Realbleeda- â€œBaeâ€ music video Out Now link bio #weloverealbleeda2 #Ğ¯B #realbleeda #15141819ğŸ’”
welov3realbleeda,C27QzzpOIS9,12w,0,"""2024-05-15 18:59:18""",Reel,(FreeJoker LLWeb LLBleeda ğŸ’œğŸ©¸) #weloverealbleeda2 #tmhjoker #54dondada #webthablockğŸ•¸ï¸ #truebleeda #Ğ¯B #OK
welov3realbleeda,C27QzzpOIS9-comment-3,12w,0,"""2024-05-15 18:59:18""",comment,@bms._3 come get a kill
welov3realbleeda,C2B_kVZsD3F-comment-3,15w,1,"""2024-05-15 18:59:18""",comment,â€œğŸ›‘ acting crazy bx yk actually what he dead faâ€
welov3realbleeda,C2DRY7wxj2A,15w,0,"""2024-05-15 18:59:18""",Reel,â€œI Went Got My Memories Out The Puddle I Love Ya Like Ya kin Of Me like No Other ğŸ’¯â€ #realbleeda #weloverealbleedaedit #15141819 #memoryoutthepuddle #bleedagang
welov3realbleeda,C2E5_z7u_iD,15w,0,"""2024-05-15 18:59:18""",Reel,â€œDrop uhlotta shells and leave shxt bloody ğŸ©¸ if we catch a slimeğŸğŸ¤â€ #weloverealbleedaedit #welov3realbleeda #realbleeda #weloverealbleeda2 #15141819ğŸ’” (follow my bck up)
welov3realbleeda,C2eCAj8MukN,13w,0,"""2024-05-15 18:59:18""",Reel,Dropping this @ 12
welov3realbleeda,C2ersxMOHff,13w,0,"""2024-05-15 18:59:18""",Reel,ğŸ’”ğŸ•Šï¸
welov3realbleeda,C2eWB4iuYXE,13w,0,"""2024-05-15 18:59:18""",Reel,Happy ğŸ©¸ day #foreverbleeding #truebleeda #lldee #1819 #weloverealbleedaedit
welov3realbleeda,C2ff1g1xI4s,13w,0,"""2024-05-15 18:59:18""",Reel,â€œAnd Iâ€™m the type of nigga tha slap a nigga big homie â€œğŸ˜‚ #weloverealbleeda #foreverdeeğŸ’”ğŸ•Šï¸ #llbleeda #llcliffğŸ’” #15141819ğŸ’”
welov3realbleeda,C2GfXyHRX0r,15w,0,"""2024-05-15 18:59:18""",Reel,â€œBeen Ballin on dese Bxâ€™s ainâ€™t talking no love & basketball ğŸ€ â€œ#realbleeda #15141819ğŸ’” #weloverealbleeda
welov3realbleeda,C2gQEVUMRIc,13w,0,"""2024-05-15 18:59:18""",Reel,Tha sickest ğŸ©¸#llbleeda #15141819 #weloverealbleeda #llcliffğŸ’” #llmone #llree
welov3realbleeda,C2h1TFdrQy7,13w,0,"""2024-05-15 18:59:18""",Reel,FreedembleedazğŸ©¸ #lldembleedaz #realbleeda #weloverealbleeda #15141819
welov3realbleeda,C2h1TFdrQy7-comment-2,13w,1,"""2024-05-15 18:59:18""",comment,@pb4l__walkdown step 4 free
welov3realbleeda,C2JaDSHN1_P,15w,0,"""2024-05-15 18:59:18""",Reel,Dropping this tonight ğŸ©¸ğŸ”¥#weloverealbleeda2 #realbleedaunreleased #15141819
welov3realbleeda,C2ji-DUOmpi,13w,0,"""2024-05-15 18:59:18""",Reel,Dae just waiting fa the blunt ğŸ˜‚ğŸ˜‚ #realbleedağŸ©¸ #weloverealbleeda #llbleeda #15141819
welov3realbleeda,C2JLfPpxgdw,15w,0,"""2024-05-15 18:59:18""",Reel,â€œWe Been Every Block With A Fully Choppas Come Fa Tha Pick Shit OutğŸ©¸ğŸ€„ï¸â€ #realbleeda 15141819ğŸ’” #weloverealbleedaedit #realbleedasnippet
welov3realbleeda,C2JLfPpxgdw-comment-2,15w,0,"""2024-05-15 18:59:18""",comment,@jeezyy187 I donâ€™t have it but I got others songs
welov3realbleeda,C2JLfPpxgdw-comment-6,15w,0,"""2024-05-15 18:59:18""",comment,â€œI come through just like a ğŸš‚ get in tha way and get fucked overâ€ ğŸ€„ï¸ğŸ©¸
welov3realbleeda,C2KIKZKOuXn,15w,0,"""2024-05-15 18:59:18""",Reel,â€œMy big bro just copped another Drac Yeah thatâ€™s some bad news ğŸ©¸ğŸ¤«â€ #llbleeda #foveverbleedin #1819 #truebleeda #forever18ğŸ•Š
welov3realbleeda,C2kt_yGRqbO,13w,0,"""2024-05-15 18:59:18""",Reel,@_223teeno & @rugerrudy ğŸ”¥ğŸ©¸ just dropped on glock channel #bleedabiz #15141819ğŸ’” #weloverealbleeda
welov3realbleeda,C2ldkUos07Z,13w,0,"""2024-05-15 18:59:18""",Reel,Oh yeah yâ€™all bxs flashed
welov3realbleeda,C2ldkUos07Z-comment-2,13w,0,"""2024-05-15 18:59:18""",comment,@23jayv itâ€™s finna be on my channel in a min
welov3realbleeda,C2LJZlLxUnO,14w,0,"""2024-05-15 18:59:18""",Reel,Pull throw bullets like a quarterback ğŸ©¸#realbleeda #weloverealbleeda #15141819ğŸ’”
welov3realbleeda,C2M2FQXudIE,14w,0,"""2024-05-15 18:59:18""",Reel,Get At Us We Get At You Hit At Us We Hit At ğŸ«µğŸ¾#forever23ğŸ’” #ll23 #bleedagangğŸ©¸ #realbleedağŸ©¸#jaydayoungan #weloverealbleedaedit #23xRğŸ…±ï¸
welov3realbleeda,C2Mtgmku7wA,14w,0,"""2024-05-15 18:59:18""",Reel,He really came a long way ğŸ”¥â­ï¸#realbleeda #weloverealbleededit #15141819ğŸ’”
welov3realbleeda,C2mTyTUOPQq,13w,0,"""2024-05-15 18:59:18""",Reel,@1mercybeatz & @realbleeda_ needa hurry up and drop this ğŸ¤¦ğŸ¾
welov3realbleeda,C2MvZeUufIR,14w,0,"""2024-05-15 18:59:18""",Reel,Payback out now link in my bio #weloverealbleeda #realbleeda #15141819 #llweb
welov3realbleeda,C2Ni5oVOzba,14w,0,"""2024-05-15 18:59:18""",Reel,â€œNo one love me no more fxkin pain â¤ï¸â€ğŸ©¹â€ #realbleeda #weloverealbleedaedit #15141819ğŸ’”
welov3realbleeda,C2OCclEOMdF,14w,0,"""2024-05-15 18:59:18""",Reel,â€œion fw nigga make em move around cause they be hoesâ€ğŸ€„ï¸ğŸ©¸#babytoke #NTB #weloverealbleedaedit #realbleeda #15141819ğŸ’”
welov3realbleeda,C2Q2C1PMQLF,8w,0,"""2024-05-15 18:59:18""",Reel,BrOke AhH Opâ€™s ğŸ˜‚#realbleeda #weloverealbleeda #llbleedağŸ’” #llcliff #1514 #llwebğŸ•¸ï¸
welov3realbleeda,C2QiGg3x25S,14w,0,"""2024-05-15 18:59:18""",Reel,â€œMurda fa my brudda I can say that I did thtğŸ©¸â€ #realbleeda #Ğ¯B #weloverealbleedaedit #weloverealbleda2#15141819ğŸ’”
welov3realbleeda,C2rn755OK93,13w,0,"""2024-05-15 18:59:18""",Reel,Df is he doing ğŸ˜‚ #realbleeda #weloverealbleeda
welov3realbleeda,C2rqsYuuzyG,13w,0,"""2024-05-15 18:59:18""",Reel,â€œShe gon tell me and my ğŸ©¸ where u stayâ€ #weloverealbleedaedit #realbleeda #15141819ğŸ’”
welov3realbleeda,C2TL62GuIkd-comment-2,14w,0,"""2024-05-15 18:59:18""",comment,ğŸ”¥ğŸ”¥
welov3realbleeda,C2U54euLZBW,14w,0,"""2024-05-15 18:59:18""",Reel,â€œEvil in my Spirit I See Demons in my Dreams ğŸ’¤â€ #Lirye #weloverealbleedaedit #liryedit #26k
welov3realbleeda,C2UbrWou53e,14w,0,"""2024-05-15 18:59:18""",Reel,ğŸ˜‚ğŸ˜‚#realbleeda #weloverealbleeda #15141819ğŸ’” #llhk
welov3realbleeda,C2uG1A3OL-I,13w,0,"""2024-05-15 18:59:18""",Reel,ğŸ©¸ğŸ©¸ğŸ”¥ğŸ”¥#realbleeda #weloverealbleeda #15141819ğŸ’”
welov3realbleeda,C2UTh5muVVa,14w,0,"""2024-05-15 18:59:18""",Reel,"""YK Shit Ain't Been The Same I Been Missing Cliff & Dee""ğŸ©¸ğŸ•Š#1819 #llcliff #lldee #llhk #weloverealbleedaedit"
welov3realbleeda,C2VMqgpR0qL,14w,0,"""2024-05-15 18:59:18""",Reel,When Dae played all black snippet #weloverealbleeda #realbleeda
welov3realbleeda,C2VWIihxkYE-comment-1,14w,1,"""2024-05-15 18:59:18""",comment,ğŸ”¥
welov3realbleeda,C2w5hBWrhhM,12w,0,"""2024-05-15 18:59:18""",Reel,#oldedit #realbleeda #weloverealbleedaedit
welov3realbleeda,C2w5hBWrhhM-comment-4,12w,1,"""2024-05-15 18:59:18""",comment,@inthenameofgee_ CapCut ğŸ˜‚
welov3realbleeda,C30fn4aRNyr,9w,0,"""2024-05-15 18:59:18""",Reel,#weloverealbleeda #realbleeda #15141819.
welov3realbleeda,C3B3JJ4shHa,8w,0,"""2024-05-15 18:59:18""",Reel,Donâ€™t nun feel like it use to ğŸ˜”ğŸ’”#llbleedağŸ’” #llcliff #llwebğŸ•¸ï¸
welov3realbleeda,C3DZ2HtLZQE,11w,0,"""2024-05-15 18:59:18""",Reel,Hop in designer on my Mama I done spent a ğŸš˜ on dat â€œ #Ğ¯B #weloverealbleeda #15141819ğŸ’”
welov3realbleeda,C3EOq0SsSZO,8w,0,"""2024-05-15 18:59:18""",Reel,Leave em leaking like a Dixie Cup all u gon see is ğŸ©¸hmm #realbleeda #weloverealbleedaedit
welov3realbleeda,C3fVIarujyE,10w,0,"""2024-05-15 18:59:18""",Reel,â€œFlex a nigga bad then they say I did it bad ğŸ’¯ğŸ˜‚â€ #Ñb #realbleeda #weloverealbleeda
welov3realbleeda,C3hdlyMJJRO,10w,0,"""2024-05-15 18:59:18""",Reel,out now link in bio #weloverealbleeda2 #cobleeda #15141819
welov3realbleeda,C3oVg4yslz0,9w,0,"""2024-05-15 18:59:18""",Reel,Dats how my opp be ğŸƒğŸ½â€â™‚ï¸from my ğŸ”« #weloverealbleeda #Ñb #realbleeda #15141819ğŸ’”
welov3realbleeda,C3PDE80M1HR,8w,0,"""2024-05-15 18:59:18""",Reel,Itâ€™s a murda scene li one got ğŸ‘ğŸ¾ğŸ©¸#Ê€á´‡á´€ÊŸÊ™ÊŸá´‡á´‡á´…á´€ #weloverealbleeda #llbleedaandclifâ¤ï¸â€ğŸ©¹
welov3realbleeda,C3SF_ATOOsT,11w,0,"""2024-05-15 18:59:18""",Reel,Criminal mind out now link in bio #weloverealbleeda2
welov3realbleeda,C3Sn8XIM4Tr,11w,0,"""2024-05-15 18:59:18""",Reel,â€œI canâ€™t put my trust you so I put my trust in this glizzyğŸ’¯â€#weloverealbleedaedit #lirye #realbleeda #15141819ğŸ’”
welov3realbleeda,C3ZhsvasdZ-,10w,0,"""2024-05-15 18:59:18""",Reel,"my name is ""DaViD""ğŸ¤£ğŸ¤£ #realbleeda #weloverealbleeda"
welov3realbleeda,C3_T1eWRYXE,8w,0,"""2024-05-15 18:59:18""",Reel,We ainâ€™t squashing shi bx gon leave u on ya ğŸ’©list #weloverealbleeda #realbleeda #15141819ğŸ’”
welov3realbleeda,C41QEC8xv9D,5w,0,"""2024-05-15 18:59:18""",Reel,38 so fuckin loud you might wan hold ya earrr ğŸ©¸#realbleeda #realbleedasnippet #realbleedaunreleased #weloverealbleedaedit
welov3realbleeda,C41QEC8xv9D-comment-2,4w,1,"""2024-05-15 18:59:18""",comment,@lonndyxnn itâ€™s unreleased
welov3realbleeda,C43FeVsLSf5,5w,0,"""2024-05-15 18:59:18""",Reel,Bleeda vlog otw ğŸ˜‚ğŸ˜‚#realbleeda #weloverealbleeda #OK #15141819ğŸ’”
welov3realbleeda,C43zCCsx704,5w,0,"""2024-05-15 18:59:18""",Reel,Fell in love with Clutchin Dracs the same size a baby ğŸ¦Œâ€ #weloverealbleedaedit #realbleeda #OK #15141819
welov3realbleeda,C45cDMYLX0H,5w,0,"""2024-05-15 18:59:18""",Reel,He was smashing df outta them Doritos ğŸ˜‚ğŸ˜‚#weloverealbleeda #realbleeda #15141819 #OK #llbleedağŸ©¸
welov3realbleeda,C48w8qsxI6P,5w,0,"""2024-05-15 18:59:18""",Reel,They show me love and get lost they know we making niggas bleedğŸ©¸#realbleedağŸŒªï¸ #realbleeda #realbleedamusic #welov3realbleedaedit
welov3realbleeda,C48XsGKr7xu,5w,0,"""2024-05-15 18:59:18""",Reel,He must donâ€™t want his mfn life he talkin bout playing with me ğŸ©¸#realbleedasnippet #realbleedamusic #realbleedaunreleased #Ğ¯B #weloverealbleedaedit
welov3realbleeda,C48XsGKr7xu-comment-3,4w,1,"""2024-05-15 18:59:18""",comment,@hk60dstaa_ no
welov3realbleeda,C4Am3-OOIoS,8w,0,"""2024-05-15 18:59:18""",Reel,ğŸ¤£ğŸ¤£ğŸ¤£#weloverealbleeda #realbleeda#1514
welov3realbleeda,C4C6dbbOG4e,8w,0,"""2024-05-15 18:59:18""",Reel,â€œWho? Thatâ€™s is bending on they block yea thatâ€™s dae thatâ€™s meğŸ©¸ğŸ©¸ğŸ”¥â€ #realbleeda #weloverealbleeda #15141819ğŸ’”
welov3realbleeda,C4c8PNqLbxC,6w,0,"""2024-05-15 18:59:18""",Reel,Yo ğŸ‘„ yo style yo smell yo eyes is the reason why I fwu â€œ#realbleeda #weloverealbleedaedit #15141819ğŸ’” #llbleeda
welov3realbleeda,C4CDLzyM5r2,8w,0,"""2024-05-15 18:59:18""",Reel,â€œDonâ€™t show no sympathy to them bxâ€™s when I up it and I blamâ€ ğŸ’¥ğŸ©¸#realbleeda #weloverealbleeda #15141819ğŸ’”
welov3realbleeda,C4DqHPJrzga,8w,0,"""2024-05-15 18:59:18""",Reel,Bleeda once said ğŸ˜‚#llbleeda #weloverealbleedaedit #freemeezy #freeglock #freeteeno
welov3realbleeda,C4DqHPJrzga-comment-2,7w,0,"""2024-05-15 18:59:18""",comment,@funny.youngan imma remake it
welov3realbleeda,C4E4t4jss6t,8w,0,"""2024-05-15 18:59:18""",Reel,New live video out now
welov3realbleeda,C4fCWojO34j,6w,0,"""2024-05-15 18:59:18""",Reel,Uhlotta pain still here and it wont never go ğŸ’”ğŸ˜”#realbleeda #weloverealbleedaedit #realbleedamusic
welov3realbleeda,C4fk6OML57d,6w,0,"""2024-05-15 18:59:18""",Reel,He speak hot shxt and his caption truth be told them niggas bxâ€™s ğŸ©¸â€ #truebleeda #llbleedağŸ©¸ #1819 #truebleedaedits
welov3realbleeda,C4hdtLCsGGv,6w,0,"""2024-05-15 18:59:18""",Reel,#realbleeda #weloverealbleeda #15141819ğŸ’”
welov3realbleeda,C4IaNG6JquG,8w,0,"""2024-05-15 18:59:18""",Reel,out now link in bio #weloverealbleeda2 #realbleeda #15141819 #freestacksosamaâ›“
welov3realbleeda,C4ibbsnLGJt,6w,0,"""2024-05-15 18:59:18""",Reel,I know reason why they mad cause the not us ğŸ©¸#realbleeda #weloverealbleedaedit #realbleedasnippet #realbleedaunreleased
welov3realbleeda,C4jlzJ2snUr,6w,0,"""2024-05-15 18:59:18""",Reel,Toilet bowl nigga had to flush him left em ğŸ’© couldnt keep that cutta nigga â€œ #realbleeda #weloverealbleeda #15141819ğŸ’” #freehotboydue
welov3realbleeda,C4jwYJTsEOz,6w,0,"""2024-05-15 18:59:18""",Reel,#realbleeda #realbleedaunreleased #15141819ğŸ’” #weloverealbleeda
welov3realbleeda,C4JYgdJxtkQ,7w,0,"""2024-05-15 18:59:18""",Reel,@realbleeda_ said dm rn if yall want a features #weloverealbleeda #Ê€á´‡á´€ÊŸÊ™ÊŸá´‡á´‡á´…á´€ #15141819ğŸ’”
welov3realbleeda,C4KbO_Cu76m,7w,0,"""2024-05-15 18:59:18""",Reel,"Thought he was gangsta gangsta til that lead him all in his ğŸ‘„"" #realbleeda #weloverealbleedaedit #15141819ğŸ©¸ #tbg4life"
welov3realbleeda,C4KD498MtD0,7w,0,"""2024-05-15 18:59:18""",Reel,Free teeno free meezy free Glock ğŸ©¸ğŸ”¥ #weloverealbleeda #realbleeda
welov3realbleeda,C4l3Mk0xg5e,6w,0,"""2024-05-15 18:59:18""",Reel,I be running to yo luv â¤ï¸ #realbleeda #realbleedasnippet #15141819ğŸ’”
welov3realbleeda,C4NmGwSrFZu,7w,0,"""2024-05-15 18:59:18""",Reel,Nigga shut down ya ride Iâ€™m the 1 Iâ€™m not the 2 ğŸ’¯ #realbleeda #weloverealbleeda #15141819ğŸ’”
welov3realbleeda,C4nPmROuSWn,6w,0,"""2024-05-15 18:59:18""",Reel,ğŸ”¥ğŸ”¥ğŸ”¥ğŸ©¸#realbleedasnippet #realbleedaunreleased #realbleeda #15141819ğŸ’”
welov3realbleeda,C4plToNuOe0,6w,0,"""2024-05-15 18:59:18""",Reel,#realbleedasnippet #realbleedaunreleased #weloverealbleeda #realbleeda
welov3realbleeda,C4RtFK1sqsH,7w,0,"""2024-05-15 18:59:18""",Reel,Out now link in bio #freelitrenchğŸ©¸ #weloverealbleeda2
welov3realbleeda,C4TMA2CrUyZ,7w,0,"""2024-05-15 18:59:18""",Reel,â€œI need a bad bx ğŸ–•ğŸ¾ a instagram modelâ€ #realbleeda #weloverealbleeda #15141819ğŸ’”
welov3realbleeda,C4tYYjfRZus,5w,0,"""2024-05-15 18:59:18""",Reel,That boa thought he was blowing up we stopped his buzzing ğŸ©¸#realbleeda #realbleedaunreleased #realbleedasnippet #weloverealbleeda #15141819ğŸ’” #OK
welov3realbleeda,C4xRulruHCA,5w,0,"""2024-05-15 18:59:18""",Reel,If I make it home in ğŸ©¸ hold my hand would you judge me? #Ğ¯B #OK #UNITY #realbleeda #wlrbğŸ©¸ #realbleedasnippet #realbleedaunreleased #weloverealbleedaedit
welov3realbleeda,C4YHYursYSu,7w,0,"""2024-05-15 18:59:18""",Reel,#weloverealbleeda #realbleeda
welov3realbleeda,C50wYj5LoYW,2w,0,"""2024-05-15 18:59:18""",Reel,Out now link in bio
welov3realbleeda,C51W0CCR6gx,1w,0,"""2024-05-15 18:59:18""",Reel,Criminal minds music video otw ğŸ”¥ğŸ©¸#wlrb #Ê€á´‡á´€ÊŸÊ™ÊŸá´‡á´‡á´…á´€ #realbleeda #realbleedamusic
welov3realbleeda,C55s_Z9LOuQ,1w,0,"""2024-05-15 18:59:18""",Reel,ğŸ˜‚ğŸ˜‚ğŸ˜‚ #Ê€á´‡á´€ÊŸÊ™ÊŸá´‡á´‡á´…á´€ #realbleeda #wlrbğŸ©¸ #weloverealbleeda #15141819ğŸ’”
welov3realbleeda,C56ZONvRyyR,1w,0,"""2024-05-15 18:59:18""",Reel,Yâ€™all fw this ğŸ”¥ğŸ#Ê€á´‡á´€ÊŸÊ™ÊŸá´‡á´‡á´…á´€ #realbleeda #wlrbğŸ©¸ #Ğ¯B #realbleedamusic
welov3realbleeda,C5av15Judre,3w,0,"""2024-05-15 18:59:18""",Reel,Thanks ğŸ©¸#wlrb #weloverealbleeda #Ê€á´‡á´€ÊŸÊ™ÊŸá´‡á´‡á´…á´€
welov3realbleeda,C5bRWugLaqa,3w,0,"""2024-05-15 18:59:18""",Reel,LL @jaydayoungan ğŸ•Šï¸ğŸ©¸#weloverealbleedaedit
welov3realbleeda,C5dPJ-WOUrJ,3w,0,"""2024-05-15 18:59:18""",Reel,@realbleeda_ Iâ€™m not trying to get paid Lmaoo #wlrb
welov3realbleeda,C5dYaiNOGLL,3w,0,"""2024-05-15 18:59:18""",Reel,Donâ€™t put another fuxkin body on the same gun in a hottie with my bleedas on yo side finna stain oneğŸ©¸ğŸ¤«#wlrb #Ê€á´‡á´€ÊŸÊ™ÊŸá´‡á´‡á´…á´€ğŸ©¸ #realbleedamusic #realbleedağŸ…±ï¸ #llbleedağŸ’” #riptobleedamom
welov3realbleeda,C5E2w4XLMKA,4w,0,"""2024-05-15 18:59:18""",Reel,#realbleedasnippet #realbleeda #unreleasedrealbleeda #realbleedamusic #weloverealbleeda
welov3realbleeda,C5e56hiMmOe,3w,0,"""2024-05-15 18:59:18""",Reel,We family we all one ğŸ˜‚ #Ê€á´‡á´€ÊŸÊ™ÊŸá´‡á´‡á´…á´€ #wlrb #realbleedasğŸ©¸ #weloverealbleeda #15141819ğŸ’”
welov3realbleeda,C5E_aVuMpuV,4w,0,"""2024-05-15 18:59:18""",Reel,Out now link in bio #weloverealbleeda2
welov3realbleeda,C5gL9TiLdew,3w,0,"""2024-05-15 18:59:18""",Reel,Real soul survivor get on the stand right now my right hand and lie to you honor ğŸ’¯ğŸ©¸#realbleedamusic #wlrb #Ê€á´‡á´€ÊŸÊ™ÊŸá´‡á´‡á´…á´€ #truebleeda #llbleedağŸ’”
welov3realbleeda,C5i307zLkO8,2w,0,"""2024-05-15 18:59:18""",Reel,Watch the whole video ğŸ˜‚ğŸ˜‚#realbleeda #wlrbğŸ©¸ #weloverealbleeda #realbleedamusic #ğŸš«ğŸ¦…
welov3realbleeda,C5IcqbAuMy5,4w,0,"""2024-05-15 18:59:18""",Reel,Who u want all of em you on his car follow em til we pull and Handle bizness and kill all of em â€œğŸ’¯ğŸ©¸#weloverealbleedaedit #realbleedasnippet #realbleedamusic
welov3realbleeda,C5IcQrvOedM,4w,0,"""2024-05-15 18:59:18""",Reel,#realbleedağŸŒªï¸ #realbleeda #weloverealbleeda
welov3realbleeda,C5IcQrvOedM-comment-8,4w,0,"""2024-05-15 18:59:18""",comment,@official_mellofrmtht8 didnâ€™t even get shot ğŸ˜‚
welov3realbleeda,C5Iv_voO18C,4w,0,"""2024-05-15 18:59:18""",Reel,Gon murk 5 of yo potnas you come this way and try totake oneğŸ’¯#realbleedağŸŒªï¸ #realbleeda #realbleedamusic #realbleedatypebeat #realbleedağŸŒªï¸ #weloverealbleeda #wlrb
welov3realbleeda,C5Jv9XKRN4e,4w,0,"""2024-05-15 18:59:18""",Reel,#realbleeda #weloverealbleeda #realbleedatypebeat #15141819ğŸ’”
welov3realbleeda,C5K8IRDuKFU,4w,0,"""2024-05-15 18:59:18""",Reel,Spam â€œğŸ©¸â€ in the comments fa bleeda #realbleedağŸ¶ğŸ¶ #realbleedağŸŒªï¸ #realbleedağŸ…±ï¸ #realbleedaunreleased #Ê€á´‡á´€ÊŸÊ™ÊŸá´‡á´‡á´…á´€
welov3realbleeda,C5kFsVMMT0Z,2w,0,"""2024-05-15 18:59:18""",Reel,Out now link in bio #weloverealbleeda2 #wlrbğŸ©¸ #realbleedamusic #unreleasedrealbleeda
welov3realbleeda,C5KJzkQss04,4w,0,"""2024-05-15 18:59:18""",Reel,ğŸ˜‚ğŸ˜‚#realbleeda #weloverealbleeda
welov3realbleeda,C5lVbhvL91C,2w,0,"""2024-05-15 18:59:18""",Reel,Bleeda jackson ğŸ©¸ğŸ˜‚#Ê€á´‡á´€ÊŸÊ™ÊŸá´‡á´‡á´…á´€ #realbleedamusic#weloverealbleeda #wlrbğŸ©¸
welov3realbleeda,C5mIO-txGGu,2w,0,"""2024-05-15 18:59:18""",Reel,LLwebğŸ’œ#Ê€á´‡á´€ÊŸÊ™ÊŸá´‡á´‡á´…á´€ #realbleedasğŸ©¸ #realbleedamusic #wlrbğŸ©¸ #weloverealbleeda
welov3realbleeda,C5N3QgFOBCK,4w,0,"""2024-05-15 18:59:18""",Reel,Real rap ğŸ’¯ğŸ˜‚ #realbleedağŸ¶ğŸ¶ #realbleedağŸŒªï¸ #realbleedağŸ…±ï¸ #Ê€á´‡á´€ÊŸÊ™ÊŸá´‡á´‡á´…á´€ #weloverealbleeda #15141819ğŸ’”
welov3realbleeda,C5nA6z4MbsF,2w,0,"""2024-05-15 18:59:18""",Reel,Ğ¯B heâ€™ll creep up and Leave you dead #wlrbğŸ©¸ #weloverealbleeda #Ê€á´‡á´€ÊŸÊ™ÊŸá´‡á´‡á´…á´€ #weloverealbleedaedit
welov3realbleeda,C5nA6z4MbsF-comment-2,2w,2,"""2024-05-15 18:59:18""",comment,@tjayy4x itâ€™s unreleased
welov3realbleeda,C5nA6z4MbsF-comment-4,2w,0,"""2024-05-15 18:59:18""",comment,@wick6kk I copy and paste it frm his page
welov3realbleeda,C5o8wNZMJCA,2w,0,"""2024-05-15 18:59:18""",Reel,Lately dropping tmr #wlrbğŸ©¸ #Ê€á´‡á´€ÊŸÊ™ÊŸá´‡á´‡á´…á´€ #weloverealbleeda
welov3realbleeda,C5PfwFwMvL1,4w,0,"""2024-05-15 18:59:18""",Reel,ğŸ˜‚ğŸ˜‚ğŸ˜‚ #weloverealbleedaedit #realbleedağŸ¶ğŸ¶ #realbleedağŸŒªï¸ #realbleedağŸ…±ï¸ #Ê€á´‡á´€ÊŸÊ™ÊŸá´‡á´‡á´…á´€ #realbleedaunreleased
welov3realbleeda,C5PfwFwMvL1-comment-2,4w,1,"""2024-05-15 18:59:18""",comment,@kr_2offical truebleeda
welov3realbleeda,C5QgRDbroCW,4w,0,"""2024-05-15 18:59:18""",Reel,Look at dae head lmaoo ğŸ˜‚ğŸ˜‚ #realbleedağŸ¶ğŸ¶ #realbleedağŸŒªï¸ #realbleedaunreleased #Ê€á´‡á´€ÊŸÊ™ÊŸá´‡á´‡á´…á´€ #welovrealbleeda
welov3realbleeda,C5QndWhrjsR,4w,0,"""2024-05-15 18:59:18""",Reel,4 inch came with that brrrr ğŸ’¥ğŸ¤«#realbleedağŸ¶ğŸ¶ #realbleedağŸŒªï¸ #realbleedağŸ…±ï¸ #realbleedaunreleased #Ê€á´‡á´€ÊŸÊ™ÊŸá´‡á´‡á´…á´€ #weloverealbleedaedit
welov3realbleeda,C5rCsGExHsT,2w,0,"""2024-05-15 18:59:18""",Reel,Lately out now link in bio #wlrb #Ê€á´‡á´€ÊŸÊ™ÊŸá´‡á´‡á´…á´€
welov3realbleeda,C5sP9eQO2FY,2w,0,"""2024-05-15 18:59:18""",Reel,Take this switch from off me and then put this bx up on you ğŸ©¸ğŸ’¯#wlrb #realbleedamusic #Ê€á´‡á´€ÊŸÊ™ÊŸá´‡á´‡á´…á´€ #weloverealbleedaedit #lldembleedas #freedembleedasğŸ©¸
welov3realbleeda,C5syXrWOXVP,2w,0,"""2024-05-15 18:59:18""",Reel,ğŸ”¥ğŸ”¥ğŸ”¥ğŸ©¸#realbleedasnippet #realbleeda #wlrb #weloverealbleeda
welov3realbleeda,C5Sz6bnOey_,3w,0,"""2024-05-15 18:59:18""",Reel,â€œDat dead ahh boaâ€ ğŸ˜‚ğŸ˜‚ğŸ˜‚ #realbleedasğŸ©¸ #realbleda #weloverealbleeda #realbleedasnippet #realbleedamusic
welov3realbleeda,C5TC7Fkr9SB,3w,0,"""2024-05-15 18:59:18""",Reel,I be on sum creature Shi walk down and delete a bx ğŸ’¯ğŸ¤«#realbleedamusic #Ê€á´‡á´€ÊŸÊ™ÊŸá´‡á´‡á´…á´€ #realbleedasnippet #realbleedatypebeat #weloverealbleeda
welov3realbleeda,C5XMvGQMIPz,3w,0,"""2024-05-15 18:59:18""",Reel,ğŸ˜‚ğŸ˜‚ğŸ˜‚#realbleedasğŸ©¸ #Ê€á´‡á´€ÊŸÊ™ÊŸá´‡á´‡á´…á´€ #weloverealbleeda #wlrb #lltruebleedaâ¤ï¸ğŸ’¯ #15141819ğŸ’”
welov3realbleeda,C5yA6k_LrxX,2w,0,"""2024-05-15 18:59:18""",Reel,RealğŸ’¯#ll23ğŸ•Š #wlrbğŸ©¸#Ê€á´‡á´€ÊŸÊ™ÊŸá´‡á´‡á´…á´€ #jaydayoungan #15141819ğŸ’” #forever23ğŸ’™
welov3realbleeda,C5YhKomLWMv,3w,0,"""2024-05-15 18:59:18""",Reel,He gon dead once we run out with that fye me and co co ğŸ©¸#realbleedağŸ©¸âš°ï¸ #Ê€á´‡á´€ÊŸÊ™ÊŸá´‡á´‡á´…á´€ #realbleedağŸ…±ï¸ #realbleedasnippet #wlrbğŸ©¸ #weloverealbleeda
welov3realbleeda,C5YhKomLWMv-comment-2,2w,0,"""2024-05-15 18:59:18""",comment,@paidbygod no
welov3realbleeda,C5yl3kWr_R1,2w,0,"""2024-05-15 18:59:18""",Reel,#wlrbğŸ©¸ #weloverealbleeda #Ê€á´‡á´€ÊŸÊ™ÊŸá´‡á´‡á´…á´€ #realbleedağŸŒªï¸
welov3realbleeda,C5ZAg7Fxgur,3w,0,"""2024-05-15 18:59:18""",Reel,Out Na on @realbleeda_ channel ğŸ”¥ğŸ”¥ #realbleedamusic #realbleeda #wlrbğŸ©¸ #realbleedatypebeat #weloverealbleeda
welov3realbleeda,C5ZOmYjxPZ3,3w,0,"""2024-05-15 18:59:18""",Reel,Life flashed before my ğŸ‘€still remember my mama face before she left my sideğŸ˜¢ğŸ©¸#Ê€á´‡á´€ÊŸÊ™ÊŸá´‡á´‡á´…á´€ #realbleedamusic #wlrbğŸ©¸ #weloverealbleeda #15141819ğŸ’”
welov3realbleeda,C6GbLUJuW2w,1w,0,"""2024-05-15 18:59:18""",Reel,Out now link in bio #wlrbğŸ©¸ #weloverealbleeda2 #Ê€á´‡á´€ÊŸÊ™ÊŸá´‡á´‡á´…á´€
welov3realbleeda,C6GbLUJuW2w-comment-2,6d,0,"""2024-05-15 18:59:18""",comment,@tazzdondada ğŸ¤·ğŸ¾â€â™‚ï¸ğŸ˜‚
welov3realbleeda,C6GOSAxO8um,1w,0,"""2024-05-15 18:59:18""",Reel,Same one that you love they a cross you ğŸ’” #lltruebleeda #wlrbğŸ©¸ #weloverealbleedaedit #15141819ğŸ’” #Ê€á´‡á´€ÊŸÊ™ÊŸá´‡á´‡á´…á´€
welov3realbleeda,C6JrsQCL_Iu,6d,0,"""2024-05-15 18:59:18""",Reel,#realbleedaunreleased #realbleedasnippet #realbleeda #wlrbğŸ©¸ #weloverealbleeda
welov3realbleeda,C6K0KdbMFwf,5d,0,"""2024-05-15 18:59:18""",Reel,Get in the way and watch you d!e fck how a ğŸ¥·ğŸ¾ feel #realbleedaunreleased #wlrbğŸ©¸ #Ê€á´‡á´€ÊŸÊ™ÊŸá´‡á´‡á´…á´€ #realbleeda #15141819ğŸ’”
welov3realbleeda,C6RQJR3LToN,3d,0,"""2024-05-15 18:59:18""",Reel,How you wan do it Whatchu wan do ? ğŸ§ğŸ¾â€â™‚ï¸ #wlrb #Ê€á´‡á´€ÊŸÊ™ÊŸá´‡á´‡á´…á´€ #realbleedağŸ©¸ #realbleedasnippet
welov3realbleeda,C6Us-PbM2fA,1d,0,"""2024-05-15 18:59:18""",Reel,ğŸ©¸ğŸ©¸ğŸ”¥ #wlrb #realbleeda #weloverealbleeda #15141819ğŸ’”
welov3realbleeda,C6WBPGgrcTH,1d,0,"""2024-05-15 18:59:18""",Reel,"Whole lotta wayyyy shii #llbleedağŸ’” #15141819ğŸ’”
#wlrb #Ê€á´‡á´€ÊŸÊ™ÊŸá´‡á´‡á´…á´€ #truebleeda"
welov3realbleeda,C6XV9kaslTy,18h,0,"""2024-05-15 18:59:18""",Reel,Itâ€™s gon be okay out out now #realbleeda #wlrb #15141819ğŸ’” #realbleedamusic
welov3realbleeda,C6XV9kaslTy-comment-2,17h,1,"""2024-05-15 18:59:18""",comment,@heyyy30_ donâ€™t worry the album drops in 2 days
_54dableeda,C0AiBmQsOph,22w,0,"""2024-05-15 18:59:18""",Post,Iâ€™m so thankful fa the good & bad couldâ€™ve been worse ğŸ’œ Life after everything â€¼ï¸ #freedemmemsğŸ©¸ #bleedabizzğŸ’¯ğŸ‹
rugerrudy,C0AiBmQsOph-comment-5,21w,1,"""2024-05-15 18:59:18""",comment,ğŸ©¸â¤ï¸
teenosatan,C0AiBmQsOph-comment-13,22w,0,"""2024-05-15 18:59:18""",comment,ğŸ‘
_54dableeda,C1TGv7ZMDNR,17w,0,"""2024-05-15 18:59:18""",Post,Long Live The Guys and Free that Gang The Opps Donâ€™t Come This way #bleedabizzğŸ’¯ğŸ‹ #BIGDONDADAğŸ’œ
rugerrudy,C1TGv7ZMDNR-comment-3,17w,3,"""2024-05-15 18:59:18""",comment,ğŸ©¸â¤ï¸
realbleeda_,C1TGv7ZMDNR-comment-12,17w,9,"""2024-05-15 18:59:18""",comment,ğŸ©¸ğŸ–¤
teenosatan,C1TGv7ZMDNR-comment-15,17w,1,"""2024-05-15 18:59:18""",comment,ğŸ©¸
40lidae,C1TGv7ZMDNR-comment-43,17w,0,"""2024-05-15 18:59:18""",comment,54ğŸ€„ï¸
_54dableeda,C5rKSQ9xSj1,2w,0,"""2024-05-15 18:59:18""",Post,I live life too the fullest everyday because you neva know wen itâ€™s your lastğŸ˜£ just stay prayed up ğŸ™ğŸ¾â€¼ï¸#llbopğŸ’”ğŸ•Šï¸ #freedaguysâ›“ GOâ€¦BRAZYğŸš¨
realbleeda_,C5rKSQ9xSj1-comment-1,17h,1,"""2024-05-15 18:59:18""",comment,"ğŸ©¸ğŸ–¤
trbrtbtrn"
realbleeda_,C5rKSQ9xSj1-comment-3,2w,5,"""2024-05-15 18:59:18""",comment,ğŸ©¸ğŸ–¤
welov3realbleeda,C5rKSQ9xSj1-comment-19,2w,0,"""2024-05-15 18:59:18""",comment,llbopğŸ’”ğŸ•Šï¸
_54dableeda,Ctk872cMATj,45w,0,"""2024-05-15 18:59:18""",Post,All my bleedaâ€™sğŸ©¸ left a stain âš°ï¸& the ones ainâ€™t here your truly missed ğŸ¥€ #54homeğŸ‹#bleedabizzğŸ–•ğŸ¾
rugerrudy,Ctk872cMATj-comment-76,45w,2,"""2024-05-15 18:59:18""",comment,ğŸ©¸ğŸ©¸ğŸ©¸ğŸ©¸â¤ï¸â€ğŸ”¥
meezybleeda,Ctk872cMATj-comment-120,45w,0,"""2024-05-15 18:59:18""",comment,Bby BoyğŸ©¸
teenosatan,Ctk872cMATj-comment-174,45w,0,"""2024-05-15 18:59:18""",comment,ğŸ«¶ğŸ¾â›“ï¸
_54dableeda,CxRyRdfMHex,32w,0,"""2024-05-15 18:59:18""",Post,#BleedaBizzğŸ’¯ğŸ‹ They know who lay that smack down ğŸ–•ğŸ¾ğŸ¤« #freedemmemsğŸ”“
meezybleeda,CxRyRdfMHex-comment-28,32w,0,"""2024-05-15 18:59:18""",comment,â¤ï¸
_54dableeda,CyZZsvbrzUz,28w,0,"""2024-05-15 18:59:18""",Post,I grew up fast living all I knew was drug dealing & zipping ğŸ¤ Nikkiâ€™s ğŸ©¸#freedemmemsğŸ’œ #lldaguysğŸ•Š
meezybleeda,CyZZsvbrzUz-comment-2,28w,3,"""2024-05-15 18:59:18""",comment,ğŸ©¸â¤ï¸â€ğŸ”¥
teenosatan,CyZZsvbrzUz-comment-17,28w,0,"""2024-05-15 18:59:18""",comment,ğŸ©¸ğŸ¾
